filename,authors,licenses,urls,notes
body/bodies/male/spellcast.png,"bluecarrot16,JaidynReiman,Benjamin K. Smith (BenCreating),Evert,Eliza Wyatt (ElizaWy),TheraHedwig,MuffinElZangano,Durrani,Johannes Sjölund (wulax),Stephen Challener (Redshrike)","OGA-BY 3.0,CC-BY-SA 3.0,GPL 3.0","https://opengameart.org/content/liberated-pixel-cup-lpc-base-assets-sprites-map-tiles,https://opengameart.org/content/lpc-medieval-fantasy-character-sprites,https://opengameart.org/content/lpc-male-jumping-animation-by-durrani,https://opengameart.org/content/lpc-runcycle-and-diagonal-walkcycle,https://opengameart.org/content/lpc-revised-character-basics,https://opengameart.org/content/lpc-be-seated,https://opengameart.org/content/lpc-runcycle-for-male-muscular-and-pregnant-character-bases-with-modular-heads,https://opengameart.org/content/lpc-jump-expanded,https://opengameart.org/content/lpc-character-bases",see details at https://opengameart.org/content/lpc-character-bases; 'Thick' Male Revised Run/Climb by JaidynReiman (based on ElizaWy's LPC Revised)
body/bodies/female/spellcast.png,"Benjamin K. Smith (BenCreating),bluecarrot16,TheraHedwig,Evert,MuffinElZangano,Durrani,Pierre Vigier (pvigier),ElizaWy,Matthew Krohn (makrohn),Johannes Sjölund (wulax),Stephen Challener (Redshrike)","OGA-BY 3.0,CC-BY-SA 3.0,GPL 3.0","https://opengameart.org/content/liberated-pixel-cup-lpc-base-assets-sprites-map-tiles,https://opengameart.org/content/lpc-medieval-fantasy-character-sprites,https://opengameart.org/content/lpc-ladies,https://opengameart.org/content/lpc-7-womens-shirts,https://opengameart.org/content/lpc-jump-expanded,https://opengameart.org/content/lpc-be-seated,https://opengameart.org/content/lpc-revised-character-basics,https://gitlab.com/vagabondgame/lpc-characters,https://opengameart.org/content/lpc-male-jumping-animation-by-durrani,https://opengameart.org/content/lpc-runcycle-and-diagonal-walkcycle",see details at https://opengameart.org/content/lpc-character-bases
body/bodies/male/thrust.png,"bluecarrot16,JaidynReiman,Benjamin K. Smith (BenCreating),Evert,Eliza Wyatt (ElizaWy),TheraHedwig,MuffinElZangano,Durrani,Johannes Sjölund (wulax),Stephen Challener (Redshrike)","OGA-BY 3.0,CC-BY-SA 3.0,GPL 3.0","https://opengameart.org/content/liberated-pixel-cup-lpc-base-assets-sprites-map-tiles,https://opengameart.org/content/lpc-medieval-fantasy-character-sprites,https://opengameart.org/content/lpc-male-jumping-animation-by-durrani,https://opengameart.org/content/lpc-runcycle-and-diagonal-walkcycle,https://opengameart.org/content/lpc-revised-character-basics,https://opengameart.org/content/lpc-be-seated,https://opengameart.org/content/lpc-runcycle-for-male-muscular-and-pregnant-character-bases-with-modular-heads,https://opengameart.org/content/lpc-jump-expanded,https://opengameart.org/content/lpc-character-bases",see details at https://opengameart.org/content/lpc-character-bases; 'Thick' Male Revised Run/Climb by JaidynReiman (based on ElizaWy's LPC Revised)
body/bodies/female/thrust.png,"Benjamin K. Smith (BenCreating),bluecarrot16,TheraHedwig,Evert,MuffinElZangano,Durrani,Pierre Vigier (pvigier),ElizaWy,Matthew Krohn (makrohn),Johannes Sjölund (wulax),Stephen Challener (Redshrike)","OGA-BY 3.0,CC-BY-SA 3.0,GPL 3.0","https://opengameart.org/content/liberated-pixel-cup-lpc-base-assets-sprites-map-tiles,https://opengameart.org/content/lpc-medieval-fantasy-character-sprites,https://opengameart.org/content/lpc-ladies,https://opengameart.org/content/lpc-7-womens-shirts,https://opengameart.org/content/lpc-jump-expanded,https://opengameart.org/content/lpc-be-seated,https://opengameart.org/content/lpc-revised-character-basics,https://gitlab.com/vagabondgame/lpc-characters,https://opengameart.org/content/lpc-male-jumping-animation-by-durrani,https://opengameart.org/content/lpc-runcycle-and-diagonal-walkcycle",see details at https://opengameart.org/content/lpc-character-bases
body/bodies/male/walk.png,"bluecarrot16,JaidynReiman,Benjamin K. Smith (BenCreating),Evert,Eliza Wyatt (ElizaWy),TheraHedwig,MuffinElZangano,Durrani,Johannes Sjölund (wulax),Stephen Challener (Redshrike)","OGA-BY 3.0,CC-BY-SA 3.0,GPL 3.0","https://opengameart.org/content/liberated-pixel-cup-lpc-base-assets-sprites-map-tiles,https://opengameart.org/content/lpc-medieval-fantasy-character-sprites,https://opengameart.org/content/lpc-male-jumping-animation-by-durrani,https://opengameart.org/content/lpc-runcycle-and-diagonal-walkcycle,https://opengameart.org/content/lpc-revised-character-basics,https://opengameart.org/content/lpc-be-seated,https://opengameart.org/content/lpc-runcycle-for-male-muscular-and-pregnant-character-bases-with-modular-heads,https://opengameart.org/content/lpc-jump-expanded,https://opengameart.org/content/lpc-character-bases",see details at https://opengameart.org/content/lpc-character-bases; 'Thick' Male Revised Run/Climb by JaidynReiman (based on ElizaWy's LPC Revised)
body/bodies/female/walk.png,"Benjamin K. Smith (BenCreating),bluecarrot16,TheraHedwig,Evert,MuffinElZangano,Durrani,Pierre Vigier (pvigier),ElizaWy,Matthew Krohn (makrohn),Johannes Sjölund (wulax),Stephen Challener (Redshrike)","OGA-BY 3.0,CC-BY-SA 3.0,GPL 3.0","https://opengameart.org/content/liberated-pixel-cup-lpc-base-assets-sprites-map-tiles,https://opengameart.org/content/lpc-medieval-fantasy-character-sprites,https://opengameart.org/content/lpc-ladies,https://opengameart.org/content/lpc-7-womens-shirts,https://opengameart.org/content/lpc-jump-expanded,https://opengameart.org/content/lpc-be-seated,https://opengameart.org/content/lpc-revised-character-basics,https://gitlab.com/vagabondgame/lpc-characters,https://opengameart.org/content/lpc-male-jumping-animation-by-durrani,https://opengameart.org/content/lpc-runcycle-and-diagonal-walkcycle",see details at https://opengameart.org/content/lpc-character-bases
body/bodies/male/slash.png,"bluecarrot16,JaidynReiman,Benjamin K. Smith (BenCreating),Evert,Eliza Wyatt (ElizaWy),TheraHedwig,MuffinElZangano,Durrani,Johannes Sjölund (wulax),Stephen Challener (Redshrike)","OGA-BY 3.0,CC-BY-SA 3.0,GPL 3.0","https://opengameart.org/content/liberated-pixel-cup-lpc-base-assets-sprites-map-tiles,https://opengameart.org/content/lpc-medieval-fantasy-character-sprites,https://opengameart.org/content/lpc-male-jumping-animation-by-durrani,https://opengameart.org/content/lpc-runcycle-and-diagonal-walkcycle,https://opengameart.org/content/lpc-revised-character-basics,https://opengameart.org/content/lpc-be-seated,https://opengameart.org/content/lpc-runcycle-for-male-muscular-and-pregnant-character-bases-with-modular-heads,https://opengameart.org/content/lpc-jump-expanded,https://opengameart.org/content/lpc-character-bases",see details at https://opengameart.org/content/lpc-character-bases; 'Thick' Male Revised Run/Climb by JaidynReiman (based on ElizaWy's LPC Revised)
body/bodies/female/slash.png,"Benjamin K. Smith (BenCreating),bluecarrot16,TheraHedwig,Evert,MuffinElZangano,Durrani,Pierre Vigier (pvigier),ElizaWy,Matthew Krohn (makrohn),Johannes Sjölund (wulax),Stephen Challener (Redshrike)","OGA-BY 3.0,CC-BY-SA 3.0,GPL 3.0","https://opengameart.org/content/liberated-pixel-cup-lpc-base-assets-sprites-map-tiles,https://opengameart.org/content/lpc-medieval-fantasy-character-sprites,https://opengameart.org/content/lpc-ladies,https://opengameart.org/content/lpc-7-womens-shirts,https://opengameart.org/content/lpc-jump-expanded,https://opengameart.org/content/lpc-be-seated,https://opengameart.org/content/lpc-revised-character-basics,https://gitlab.com/vagabondgame/lpc-characters,https://opengameart.org/content/lpc-male-jumping-animation-by-durrani,https://opengameart.org/content/lpc-runcycle-and-diagonal-walkcycle",see details at https://opengameart.org/content/lpc-character-bases
body/bodies/male/shoot.png,"bluecarrot16,JaidynReiman,Benjamin K. Smith (BenCreating),Evert,Eliza Wyatt (ElizaWy),TheraHedwig,MuffinElZangano,Durrani,Johannes Sjölund (wulax),Stephen Challener (Redshrike)","OGA-BY 3.0,CC-BY-SA 3.0,GPL 3.0","https://opengameart.org/content/liberated-pixel-cup-lpc-base-assets-sprites-map-tiles,https://opengameart.org/content/lpc-medieval-fantasy-character-sprites,https://opengameart.org/content/lpc-male-jumping-animation-by-durrani,https://opengameart.org/content/lpc-runcycle-and-diagonal-walkcycle,https://opengameart.org/content/lpc-revised-character-basics,https://opengameart.org/content/lpc-be-seated,https://opengameart.org/content/lpc-runcycle-for-male-muscular-and-pregnant-character-bases-with-modular-heads,https://opengameart.org/content/lpc-jump-expanded,https://opengameart.org/content/lpc-character-bases",see details at https://opengameart.org/content/lpc-character-bases; 'Thick' Male Revised Run/Climb by JaidynReiman (based on ElizaWy's LPC Revised)
body/bodies/female/shoot.png,"Benjamin K. Smith (BenCreating),bluecarrot16,TheraHedwig,Evert,MuffinElZangano,Durrani,Pierre Vigier (pvigier),ElizaWy,Matthew Krohn (makrohn),Johannes Sjölund (wulax),Stephen Challener (Redshrike)","OGA-BY 3.0,CC-BY-SA 3.0,GPL 3.0","https://opengameart.org/content/liberated-pixel-cup-lpc-base-assets-sprites-map-tiles,https://opengameart.org/content/lpc-medieval-fantasy-character-sprites,https://opengameart.org/content/lpc-ladies,https://opengameart.org/content/lpc-7-womens-shirts,https://opengameart.org/content/lpc-jump-expanded,https://opengameart.org/content/lpc-be-seated,https://opengameart.org/content/lpc-revised-character-basics,https://gitlab.com/vagabondgame/lpc-characters,https://opengameart.org/content/lpc-male-jumping-animation-by-durrani,https://opengameart.org/content/lpc-runcycle-and-diagonal-walkcycle",see details at https://opengameart.org/content/lpc-character-bases
body/bodies/male/hurt.png,"bluecarrot16,JaidynReiman,Benjamin K. Smith (BenCreating),Evert,Eliza Wyatt (ElizaWy),TheraHedwig,MuffinElZangano,Durrani,Johannes Sjölund (wulax),Stephen Challener (Redshrike)","OGA-BY 3.0,CC-BY-SA 3.0,GPL 3.0","https://opengameart.org/content/liberated-pixel-cup-lpc-base-assets-sprites-map-tiles,https://opengameart.org/content/lpc-medieval-fantasy-character-sprites,https://opengameart.org/content/lpc-male-jumping-animation-by-durrani,https://opengameart.org/content/lpc-runcycle-and-diagonal-walkcycle,https://opengameart.org/content/lpc-revised-character-basics,https://opengameart.org/content/lpc-be-seated,https://opengameart.org/content/lpc-runcycle-for-male-muscular-and-pregnant-character-bases-with-modular-heads,https://opengameart.org/content/lpc-jump-expanded,https://opengameart.org/content/lpc-character-bases",see details at https://opengameart.org/content/lpc-character-bases; 'Thick' Male Revised Run/Climb by JaidynReiman (based on ElizaWy's LPC Revised)
body/bodies/female/hurt.png,"Benjamin K. Smith (BenCreating),bluecarrot16,TheraHedwig,Evert,MuffinElZangano,Durrani,Pierre Vigier (pvigier),ElizaWy,Matthew Krohn (makrohn),Johannes Sjölund (wulax),Stephen Challener (Redshrike)","OGA-BY 3.0,CC-BY-SA 3.0,GPL 3.0","https://opengameart.org/content/liberated-pixel-cup-lpc-base-assets-sprites-map-tiles,https://opengameart.org/content/lpc-medieval-fantasy-character-sprites,https://opengameart.org/content/lpc-ladies,https://opengameart.org/content/lpc-7-womens-shirts,https://opengameart.org/content/lpc-jump-expanded,https://opengameart.org/content/lpc-be-seated,https://opengameart.org/content/lpc-revised-character-basics,https://gitlab.com/vagabondgame/lpc-characters,https://opengameart.org/content/lpc-male-jumping-animation-by-durrani,https://opengameart.org/content/lpc-runcycle-and-diagonal-walkcycle",see details at https://opengameart.org/content/lpc-character-bases
body/bodies/male/idle.png,"bluecarrot16,JaidynReiman,Benjamin K. Smith (BenCreating),Evert,Eliza Wyatt (ElizaWy),TheraHedwig,MuffinElZangano,Durrani,Johannes Sjölund (wulax),Stephen Challener (Redshrike)","OGA-BY 3.0,CC-BY-SA 3.0,GPL 3.0","https://opengameart.org/content/liberated-pixel-cup-lpc-base-assets-sprites-map-tiles,https://opengameart.org/content/lpc-medieval-fantasy-character-sprites,https://opengameart.org/content/lpc-male-jumping-animation-by-durrani,https://opengameart.org/content/lpc-runcycle-and-diagonal-walkcycle,https://opengameart.org/content/lpc-revised-character-basics,https://opengameart.org/content/lpc-be-seated,https://opengameart.org/content/lpc-runcycle-for-male-muscular-and-pregnant-character-bases-with-modular-heads,https://opengameart.org/content/lpc-jump-expanded,https://opengameart.org/content/lpc-character-bases",see details at https://opengameart.org/content/lpc-character-bases; 'Thick' Male Revised Run/Climb by JaidynReiman (based on ElizaWy's LPC Revised)
body/bodies/female/idle.png,"Benjamin K. Smith (BenCreating),bluecarrot16,TheraHedwig,Evert,MuffinElZangano,Durrani,Pierre Vigier (pvigier),ElizaWy,Matthew Krohn (makrohn),Johannes Sjölund (wulax),Stephen Challener (Redshrike)","OGA-BY 3.0,CC-BY-SA 3.0,GPL 3.0","https://opengameart.org/content/liberated-pixel-cup-lpc-base-assets-sprites-map-tiles,https://opengameart.org/content/lpc-medieval-fantasy-character-sprites,https://opengameart.org/content/lpc-ladies,https://opengameart.org/content/lpc-7-womens-shirts,https://opengameart.org/content/lpc-jump-expanded,https://opengameart.org/content/lpc-be-seated,https://opengameart.org/content/lpc-revised-character-basics,https://gitlab.com/vagabondgame/lpc-characters,https://opengameart.org/content/lpc-male-jumping-animation-by-durrani,https://opengameart.org/content/lpc-runcycle-and-diagonal-walkcycle",see details at https://opengameart.org/content/lpc-character-bases
body/bodies/skeleton/spellcast.png,"bluecarrot16,Napsio,JaidynReiman,Johannes Sjölund (wulax),Stephen Challener (Redshrike)","OGA-BY 3.0,CC-BY-SA 3.0,GPL 3.0","https://opengameart.org/content/liberated-pixel-cup-lpc-base-assets-sprites-map-tiles,https://opengameart.org/content/lpc-medieval-fantasy-character-sprites,https://opengameart.org/content/lpc-skeleton,https://opengameart.org/content/lpc-character-bases",
body/bodies/skeleton/walk.png,"bluecarrot16,Napsio,JaidynReiman,Johannes Sjölund (wulax),Stephen Challener (Redshrike)","OGA-BY 3.0,CC-BY-SA 3.0,GPL 3.0","https://opengameart.org/content/liberated-pixel-cup-lpc-base-assets-sprites-map-tiles,https://opengameart.org/content/lpc-medieval-fantasy-character-sprites,https://opengameart.org/content/lpc-skeleton,https://opengameart.org/content/lpc-character-bases",
body/bodies/skeleton/slash.png,"bluecarrot16,Napsio,JaidynReiman,Johannes Sjölund (wulax),Stephen Challener (Redshrike)","OGA-BY 3.0,CC-BY-SA 3.0,GPL 3.0","https://opengameart.org/content/liberated-pixel-cup-lpc-base-assets-sprites-map-tiles,https://opengameart.org/content/lpc-medieval-fantasy-character-sprites,https://opengameart.org/content/lpc-skeleton,https://opengameart.org/content/lpc-character-bases",
body/bodies/skeleton/hurt.png,"bluecarrot16,Napsio,JaidynReiman,Johannes Sjölund (wulax),Stephen Challener (Redshrike)","OGA-BY 3.0,CC-BY-SA 3.0,GPL 3.0","https://opengameart.org/content/liberated-pixel-cup-lpc-base-assets-sprites-map-tiles,https://opengameart.org/content/lpc-medieval-fantasy-character-sprites,https://opengameart.org/content/lpc-skeleton,https://opengameart.org/content/lpc-character-bases",
body/bodies/skeleton/idle.png,"bluecarrot16,Napsio,JaidynReiman,Johannes Sjölund (wulax),Stephen Challener (Redshrike)","OGA-BY 3.0,CC-BY-SA 3.0,GPL 3.0","https://opengameart.org/content/liberated-pixel-cup-lpc-base-assets-sprites-map-tiles,https://opengameart.org/content/lpc-medieval-fantasy-character-sprites,https://opengameart.org/content/lpc-skeleton,https://opengameart.org/content/lpc-character-bases",
head/heads/human/female/spellcast.png,"bluecarrot16,Benjamin K. Smith (BenCreating),Stephen Challener (Redshrike)","OGA-BY 3.0,CC-BY-SA 3.0,GPL 3.0","https://opengameart.org/content/,https://opengameart.org/content/lpc-character-bases","original head by Redshrike, tweaks by BenCreating, modular version by bluecarrot16"
head/heads/human/female/thrust.png,"bluecarrot16,Benjamin K. Smith (BenCreating),Stephen Challener (Redshrike)","OGA-BY 3.0,CC-BY-SA 3.0,GPL 3.0","https://opengameart.org/content/,https://opengameart.org/content/lpc-character-bases","original head by Redshrike, tweaks by BenCreating, modular version by bluecarrot16"
head/heads/human/female/walk.png,"bluecarrot16,Benjamin K. Smith (BenCreating),Stephen Challener (Redshrike)","OGA-BY 3.0,CC-BY-SA 3.0,GPL 3.0","https://opengameart.org/content/,https://opengameart.org/content/lpc-character-bases","original head by Redshrike, tweaks by BenCreating, modular version by bluecarrot16"
head/heads/human/female/slash.png,"bluecarrot16,Benjamin K. Smith (BenCreating),Stephen Challener (Redshrike)","OGA-BY 3.0,CC-BY-SA 3.0,GPL 3.0","https://opengameart.org/content/,https://opengameart.org/content/lpc-character-bases","original head by Redshrike, tweaks by BenCreating, modular version by bluecarrot16"
head/heads/human/female/shoot.png,"bluecarrot16,Benjamin K. Smith (BenCreating),Stephen Challener (Redshrike)","OGA-BY 3.0,CC-BY-SA 3.0,GPL 3.0","https://opengameart.org/content/,https://opengameart.org/content/lpc-character-bases","original head by Redshrike, tweaks by BenCreating, modular version by bluecarrot16"
head/heads/human/female/hurt.png,"bluecarrot16,Benjamin K. Smith (BenCreating),Stephen Challener (Redshrike)","OGA-BY 3.0,CC-BY-SA 3.0,GPL 3.0","https://opengameart.org/content/,https://opengameart.org/content/lpc-character-bases","original head by Redshrike, tweaks by BenCreating, modular version by bluecarrot16"
head/heads/human/female/idle.png,"bluecarrot16,Benjamin K. Smith (BenCreating),Stephen Challener (Redshrike)","OGA-BY 3.0,CC-BY-SA 3.0,GPL 3.0","https://opengameart.org/content/,https://opengameart.org/content/lpc-character-bases","original head by Redshrike, tweaks by BenCreating, modular version by bluecarrot16"
head/heads/human/male_elderly/walk.png,"Benjamin K. Smith (BenCreating),Eliza Wyatt (ElizaWy),Stephen Challener (Redshrike)","OGA-BY 3.0,CC-BY 3.0","https://opengameart.org/content/liberated-pixel-cup-lpc-base-assets-sprites-map-tiles,https://opengameart.org/content/lpc-revised-elders,https://opengameart.org/content/lpc-character-bases",
head/heads/human/male_elderly/slash.png,"Benjamin K. Smith (BenCreating),Eliza Wyatt (ElizaWy),Stephen Challener (Redshrike)","OGA-BY 3.0,CC-BY 3.0","https://opengameart.org/content/liberated-pixel-cup-lpc-base-assets-sprites-map-tiles,https://opengameart.org/content/lpc-revised-elders,https://opengameart.org/content/lpc-character-bases",
head/heads/human/male_elderly/hurt.png,"Benjamin K. Smith (BenCreating),Eliza Wyatt (ElizaWy),Stephen Challener (Redshrike)","OGA-BY 3.0,CC-BY 3.0","https://opengameart.org/content/liberated-pixel-cup-lpc-base-assets-sprites-map-tiles,https://opengameart.org/content/lpc-revised-elders,https://opengameart.org/content/lpc-character-bases",
head/heads/human/male_elderly/idle.png,"Benjamin K. Smith (BenCreating),Eliza Wyatt (ElizaWy),Stephen Challener (Redshrike)","OGA-BY 3.0,CC-BY 3.0","https://opengameart.org/content/liberated-pixel-cup-lpc-base-assets-sprites-map-tiles,https://opengameart.org/content/lpc-revised-elders,https://opengameart.org/content/lpc-character-bases",
head/heads/human/male_plump/walk.png,"Stephen Challener (Redshrike),??","CC-BY-SA 3.0,GPL 3.0","https://opengameart.org/content/liberated-pixel-cup-lpc-base-assets-sprites-map-tiles,https://opengameart.org/content/lpc-folk","original head by Redshrike, plump version by ??"
head/heads/human/male_plump/slash.png,"Stephen Challener (Redshrike),??","CC-BY-SA 3.0,GPL 3.0","https://opengameart.org/content/liberated-pixel-cup-lpc-base-assets-sprites-map-tiles,https://opengameart.org/content/lpc-folk","original head by Redshrike, plump version by ??"
head/heads/human/male_plump/hurt.png,"Stephen Challener (Redshrike),??","CC-BY-SA 3.0,GPL 3.0","https://opengameart.org/content/liberated-pixel-cup-lpc-base-assets-sprites-map-tiles,https://opengameart.org/content/lpc-folk","original head by Redshrike, plump version by ??"
head/heads/human/male_plump/idle.png,"Stephen Challener (Redshrike),??","CC-BY-SA 3.0,GPL 3.0","https://opengameart.org/content/liberated-pixel-cup-lpc-base-assets-sprites-map-tiles,https://opengameart.org/content/lpc-folk","original head by Redshrike, plump version by ??"
head/heads/human/male/spellcast.png,"bluecarrot16,Benjamin K. Smith (BenCreating),Stephen Challener (Redshrike)","OGA-BY 3.0,CC-BY-SA 3.0,GPL 3.0","https://opengameart.org/content/liberated-pixel-cup-lpc-base-assets-sprites-map-tiles,https://opengameart.org/content/lpc-character-bases","original head by Redshrike, tweaks by BenCreating, modular version by bluecarrot16"
head/heads/human/male/thrust.png,"bluecarrot16,Benjamin K. Smith (BenCreating),Stephen Challener (Redshrike)","OGA-BY 3.0,CC-BY-SA 3.0,GPL 3.0","https://opengameart.org/content/liberated-pixel-cup-lpc-base-assets-sprites-map-tiles,https://opengameart.org/content/lpc-character-bases","original head by Redshrike, tweaks by BenCreating, modular version by bluecarrot16"
head/heads/human/male/walk.png,"bluecarrot16,Benjamin K. Smith (BenCreating),Stephen Challener (Redshrike)","OGA-BY 3.0,CC-BY-SA 3.0,GPL 3.0","https://opengameart.org/content/liberated-pixel-cup-lpc-base-assets-sprites-map-tiles,https://opengameart.org/content/lpc-character-bases","original head by Redshrike, tweaks by BenCreating, modular version by bluecarrot16"
head/heads/human/male/slash.png,"bluecarrot16,Benjamin K. Smith (BenCreating),Stephen Challener (Redshrike)","OGA-BY 3.0,CC-BY-SA 3.0,GPL 3.0","https://opengameart.org/content/liberated-pixel-cup-lpc-base-assets-sprites-map-tiles,https://opengameart.org/content/lpc-character-bases","original head by Redshrike, tweaks by BenCreating, modular version by bluecarrot16"
head/heads/human/male/shoot.png,"bluecarrot16,Benjamin K. Smith (BenCreating),Stephen Challener (Redshrike)","OGA-BY 3.0,CC-BY-SA 3.0,GPL 3.0","https://opengameart.org/content/liberated-pixel-cup-lpc-base-assets-sprites-map-tiles,https://opengameart.org/content/lpc-character-bases","original head by Redshrike, tweaks by BenCreating, modular version by bluecarrot16"
head/heads/human/male/hurt.png,"bluecarrot16,Benjamin K. Smith (BenCreating),Stephen Challener (Redshrike)","OGA-BY 3.0,CC-BY-SA 3.0,GPL 3.0","https://opengameart.org/content/liberated-pixel-cup-lpc-base-assets-sprites-map-tiles,https://opengameart.org/content/lpc-character-bases","original head by Redshrike, tweaks by BenCreating, modular version by bluecarrot16"
head/heads/human/male/idle.png,"bluecarrot16,Benjamin K. Smith (BenCreating),Stephen Challener (Redshrike)","OGA-BY 3.0,CC-BY-SA 3.0,GPL 3.0","https://opengameart.org/content/liberated-pixel-cup-lpc-base-assets-sprites-map-tiles,https://opengameart.org/content/lpc-character-bases","original head by Redshrike, tweaks by BenCreating, modular version by bluecarrot16"
head/heads/skeleton/adult/spellcast.png,"bluecarrot16,Napsio,JaidynReiman,Johannes Sjölund (wulax),Stephen Challener (Redshrike)","OGA-BY 3.0,CC-BY-SA 3.0,GPL 3.0","https://opengameart.org/content/liberated-pixel-cup-lpc-base-assets-sprites-map-tiles,https://opengameart.org/content/lpc-medieval-fantasy-character-sprites,https://opengameart.org/content/lpc-skeleton,https://opengameart.org/content/lpc-character-bases",
head/heads/skeleton/adult/walk.png,"bluecarrot16,Napsio,JaidynReiman,Johannes Sjölund (wulax),Stephen Challener (Redshrike)","OGA-BY 3.0,CC-BY-SA 3.0,GPL 3.0","https://opengameart.org/content/liberated-pixel-cup-lpc-base-assets-sprites-map-tiles,https://opengameart.org/content/lpc-medieval-fantasy-character-sprites,https://opengameart.org/content/lpc-skeleton,https://opengameart.org/content/lpc-character-bases",
head/heads/skeleton/adult/slash.png,"bluecarrot16,Napsio,JaidynReiman,Johannes Sjölund (wulax),Stephen Challener (Redshrike)","OGA-BY 3.0,CC-BY-SA 3.0,GPL 3.0","https://opengameart.org/content/liberated-pixel-cup-lpc-base-assets-sprites-map-tiles,https://opengameart.org/content/lpc-medieval-fantasy-character-sprites,https://opengameart.org/content/lpc-skeleton,https://opengameart.org/content/lpc-character-bases",
head/heads/skeleton/adult/hurt.png,"bluecarrot16,Napsio,JaidynReiman,Johannes Sjölund (wulax),Stephen Challener (Redshrike)","OGA-BY 3.0,CC-BY-SA 3.0,GPL 3.0","https://opengameart.org/content/liberated-pixel-cup-lpc-base-assets-sprites-map-tiles,https://opengameart.org/content/lpc-medieval-fantasy-character-sprites,https://opengameart.org/content/lpc-skeleton,https://opengameart.org/content/lpc-character-bases",
head/heads/skeleton/adult/idle.png,"bluecarrot16,Napsio,JaidynReiman,Johannes Sjölund (wulax),Stephen Challener (Redshrike)","OGA-BY 3.0,CC-BY-SA 3.0,GPL 3.0","https://opengameart.org/content/liberated-pixel-cup-lpc-base-assets-sprites-map-tiles,https://opengameart.org/content/lpc-medieval-fantasy-character-sprites,https://opengameart.org/content/lpc-skeleton,https://opengameart.org/content/lpc-character-bases",
head/ears/cat/adult/fg/spellcast.png,JaidynReiman,"OGA-BY 3.0+,CC-BY 3.0+,GPL 3.0",https://opengameart.org/content/lpc-furry-ears-tails-for-rpg-sprites,
head/ears/cat/adult/bg/spellcast.png,JaidynReiman,"OGA-BY 3.0+,CC-BY 3.0+,GPL 3.0",https://opengameart.org/content/lpc-furry-ears-tails-for-rpg-sprites,
head/ears/cat/adult/fg/thrust.png,JaidynReiman,"OGA-BY 3.0+,CC-BY 3.0+,GPL 3.0",https://opengameart.org/content/lpc-furry-ears-tails-for-rpg-sprites,
head/ears/cat/adult/bg/thrust.png,JaidynReiman,"OGA-BY 3.0+,CC-BY 3.0+,GPL 3.0",https://opengameart.org/content/lpc-furry-ears-tails-for-rpg-sprites,
head/ears/cat/adult/fg/walk.png,JaidynReiman,"OGA-BY 3.0+,CC-BY 3.0+,GPL 3.0",https://opengameart.org/content/lpc-furry-ears-tails-for-rpg-sprites,
head/ears/cat/adult/bg/walk.png,JaidynReiman,"OGA-BY 3.0+,CC-BY 3.0+,GPL 3.0",https://opengameart.org/content/lpc-furry-ears-tails-for-rpg-sprites,
head/ears/cat/adult/fg/slash.png,JaidynReiman,"OGA-BY 3.0+,CC-BY 3.0+,GPL 3.0",https://opengameart.org/content/lpc-furry-ears-tails-for-rpg-sprites,
head/ears/cat/adult/bg/slash.png,JaidynReiman,"OGA-BY 3.0+,CC-BY 3.0+,GPL 3.0",https://opengameart.org/content/lpc-furry-ears-tails-for-rpg-sprites,
head/ears/cat/adult/fg/shoot.png,JaidynReiman,"OGA-BY 3.0+,CC-BY 3.0+,GPL 3.0",https://opengameart.org/content/lpc-furry-ears-tails-for-rpg-sprites,
head/ears/cat/adult/bg/shoot.png,JaidynReiman,"OGA-BY 3.0+,CC-BY 3.0+,GPL 3.0",https://opengameart.org/content/lpc-furry-ears-tails-for-rpg-sprites,
head/ears/cat/adult/fg/hurt.png,JaidynReiman,"OGA-BY 3.0+,CC-BY 3.0+,GPL 3.0",https://opengameart.org/content/lpc-furry-ears-tails-for-rpg-sprites,
beards/beard/basic/walk.png,"JaidynReiman,Carlo Enrico Victoria (Nemisys)","CC-BY-SA 3.0,GPL 3.0",https://opengameart.org/content/lpc-white-beard,"Original by Nemisys, repositioning by JaidynReiman."
beards/beard/basic/slash.png,"JaidynReiman,Carlo Enrico Victoria (Nemisys)","CC-BY-SA 3.0,GPL 3.0",https://opengameart.org/content/lpc-white-beard,"Original by Nemisys, repositioning by JaidynReiman."
beards/beard/basic/hurt.png,"JaidynReiman,Carlo Enrico Victoria (Nemisys)","CC-BY-SA 3.0,GPL 3.0",https://opengameart.org/content/lpc-white-beard,"Original by Nemisys, repositioning by JaidynReiman."
beards/beard/basic/idle.png,"JaidynReiman,Carlo Enrico Victoria (Nemisys)","CC-BY-SA 3.0,GPL 3.0",https://opengameart.org/content/lpc-white-beard,"Original by Nemisys, repositioning by JaidynReiman."
beards/beard/winter/male/walk.png,bluecarrot16,CC0,https://opengameart.org/content/lpc-santa,
beards/beard/winter/male/slash.png,bluecarrot16,CC0,https://opengameart.org/content/lpc-santa,
beards/beard/winter/male/hurt.png,bluecarrot16,CC0,https://opengameart.org/content/lpc-santa,
beards/beard/winter/male/idle.png,bluecarrot16,CC0,https://opengameart.org/content/lpc-santa,
hair/bedhead/adult/walk.png,"JaidynReiman,Manuel Riecke (MrBeast)","CC-BY-SA 3.0,GPL 3.0","https://opengameart.org/content/liberated-pixel-cup-lpc-base-assets-sprites-map-tiles,https://opengameart.org/content/lpc-expanded-hair",
hair/bedhead/adult/shoot.png,"JaidynReiman,Manuel Riecke (MrBeast)","CC-BY-SA 3.0,GPL 3.0","https://opengameart.org/content/liberated-pixel-cup-lpc-base-assets-sprites-map-tiles,https://opengameart.org/content/lpc-expanded-hair",
hair/bedhead/adult/hurt.png,"JaidynReiman,Manuel Riecke (MrBeast)","CC-BY-SA 3.0,GPL 3.0","https://opengameart.org/content/liberated-pixel-cup-lpc-base-assets-sprites-map-tiles,https://opengameart.org/content/lpc-expanded-hair",
hair/bedhead/adult/idle.png,"JaidynReiman,Manuel Riecke (MrBeast)","CC-BY-SA 3.0,GPL 3.0","https://opengameart.org/content/liberated-pixel-cup-lpc-base-assets-sprites-map-tiles,https://opengameart.org/content/lpc-expanded-hair",
hair/messy1/adult/spellcast.png,"JaidynReiman,Manuel Riecke (MrBeast)","CC-BY-SA 3.0,GPL 3.0","https://opengameart.org/content/liberated-pixel-cup-lpc-base-assets-sprites-map-tiles,https://opengameart.org/content/lpc-expanded-hair",
hair/messy1/adult/walk.png,"JaidynReiman,Manuel Riecke (MrBeast)","CC-BY-SA 3.0,GPL 3.0","https://opengameart.org/content/liberated-pixel-cup-lpc-base-assets-sprites-map-tiles,https://opengameart.org/content/lpc-expanded-hair",
hair/messy1/adult/hurt.png,"JaidynReiman,Manuel Riecke (MrBeast)","CC-BY-SA 3.0,GPL 3.0","https://opengameart.org/content/liberated-pixel-cup-lpc-base-assets-sprites-map-tiles,https://opengameart.org/content/lpc-expanded-hair",
hair/messy1/adult/idle.png,"JaidynReiman,Manuel Riecke (MrBeast)","CC-BY-SA 3.0,GPL 3.0","https://opengameart.org/content/liberated-pixel-cup-lpc-base-assets-sprites-map-tiles,https://opengameart.org/content/lpc-expanded-hair",
hair/plain/adult/spellcast.png,"JaidynReiman,Manuel Riecke (MrBeast),Joe White","OGA-BY 3.0,CC-BY-SA 3.0,GPL 3.0","https://opengameart.org/content/liberated-pixel-cup-lpc-base-assets-sprites-map-tiles,https://opengameart.org/content/ponytail-and-plain-hairstyles,https://opengameart.org/content/lpc-expanded-hair",
hair/plain/adult/thrust.png,"JaidynReiman,Manuel Riecke (MrBeast),Joe White","OGA-BY 3.0,CC-BY-SA 3.0,GPL 3.0","https://opengameart.org/content/liberated-pixel-cup-lpc-base-assets-sprites-map-tiles,https://opengameart.org/content/ponytail-and-plain-hairstyles,https://opengameart.org/content/lpc-expanded-hair",
hair/plain/adult/walk.png,"JaidynReiman,Manuel Riecke (MrBeast),Joe White","OGA-BY 3.0,CC-BY-SA 3.0,GPL 3.0","https://opengameart.org/content/liberated-pixel-cup-lpc-base-assets-sprites-map-tiles,https://opengameart.org/content/ponytail-and-plain-hairstyles,https://opengameart.org/content/lpc-expanded-hair",
hair/plain/adult/slash.png,"JaidynReiman,Manuel Riecke (MrBeast),Joe White","OGA-BY 3.0,CC-BY-SA 3.0,GPL 3.0","https://opengameart.org/content/liberated-pixel-cup-lpc-base-assets-sprites-map-tiles,https://opengameart.org/content/ponytail-and-plain-hairstyles,https://opengameart.org/content/lpc-expanded-hair",
hair/plain/adult/shoot.png,"JaidynReiman,Manuel Riecke (MrBeast),Joe White","OGA-BY 3.0,CC-BY-SA 3.0,GPL 3.0","https://opengameart.org/content/liberated-pixel-cup-lpc-base-assets-sprites-map-tiles,https://opengameart.org/content/ponytail-and-plain-hairstyles,https://opengameart.org/content/lpc-expanded-hair",
hair/plain/adult/hurt.png,"JaidynReiman,Manuel Riecke (MrBeast),Joe White","OGA-BY 3.0,CC-BY-SA 3.0,GPL 3.0","https://opengameart.org/content/liberated-pixel-cup-lpc-base-assets-sprites-map-tiles,https://opengameart.org/content/ponytail-and-plain-hairstyles,https://opengameart.org/content/lpc-expanded-hair",
hair/plain/adult/idle.png,"JaidynReiman,Manuel Riecke (MrBeast),Joe White","OGA-BY 3.0,CC-BY-SA 3.0,GPL 3.0","https://opengameart.org/content/liberated-pixel-cup-lpc-base-assets-sprites-map-tiles,https://opengameart.org/content/ponytail-and-plain-hairstyles,https://opengameart.org/content/lpc-expanded-hair",
hair/spiked/adult/spellcast.png,kcilds/Rocetti/Eredah,CC-BY 4.0,"https://opengameart.org/content/eredah-rpg-character-base-48x64-ongoing,https://opengameart.org/content/lpc-hair",
hair/spiked/adult/thrust.png,kcilds/Rocetti/Eredah,CC-BY 4.0,"https://opengameart.org/content/eredah-rpg-character-base-48x64-ongoing,https://opengameart.org/content/lpc-hair",
hair/spiked/adult/walk.png,kcilds/Rocetti/Eredah,CC-BY 4.0,"https://opengameart.org/content/eredah-rpg-character-base-48x64-ongoing,https://opengameart.org/content/lpc-hair",
hair/spiked/adult/slash.png,kcilds/Rocetti/Eredah,CC-BY 4.0,"https://opengameart.org/content/eredah-rpg-character-base-48x64-ongoing,https://opengameart.org/content/lpc-hair",
hair/spiked/adult/shoot.png,kcilds/Rocetti/Eredah,CC-BY 4.0,"https://opengameart.org/content/eredah-rpg-character-base-48x64-ongoing,https://opengameart.org/content/lpc-hair",
hair/spiked/adult/hurt.png,kcilds/Rocetti/Eredah,CC-BY 4.0,"https://opengameart.org/content/eredah-rpg-character-base-48x64-ongoing,https://opengameart.org/content/lpc-hair",
hair/pigtails/adult/spellcast.png,"Radomir Dopieralski,bluecarrot16","CC-BY-SA 3.0,GPL 3.0","https://opengameart.org/content/one-more-lpc-alternate-character,https://opengameart.org/content/lpc-hair",(betty)
hair/pigtails/adult/thrust.png,"Radomir Dopieralski,bluecarrot16","CC-BY-SA 3.0,GPL 3.0","https://opengameart.org/content/one-more-lpc-alternate-character,https://opengameart.org/content/lpc-hair",(betty)
hair/pigtails/adult/walk.png,"Radomir Dopieralski,bluecarrot16","CC-BY-SA 3.0,GPL 3.0","https://opengameart.org/content/one-more-lpc-alternate-character,https://opengameart.org/content/lpc-hair",(betty)
hair/pigtails/adult/slash.png,"Radomir Dopieralski,bluecarrot16","CC-BY-SA 3.0,GPL 3.0","https://opengameart.org/content/one-more-lpc-alternate-character,https://opengameart.org/content/lpc-hair",(betty)
hair/pigtails/adult/shoot.png,"Radomir Dopieralski,bluecarrot16","CC-BY-SA 3.0,GPL 3.0","https://opengameart.org/content/one-more-lpc-alternate-character,https://opengameart.org/content/lpc-hair",(betty)
hair/pigtails/adult/hurt.png,"Radomir Dopieralski,bluecarrot16","CC-BY-SA 3.0,GPL 3.0","https://opengameart.org/content/one-more-lpc-alternate-character,https://opengameart.org/content/lpc-hair",(betty)
hair/bangs_bun/adult/spellcast.png,"ElizaWy,bluecarrot16",CC0,"https://opengameart.org/content/lpc-hair,https://github.com/ElizaWy/LPC/blob/main/Characters/Hair,https://opengameart.org/content/lpc-expanded-sit-run-jump-more","Original by bluecarrot16, animated by ElizaWy."
hair/bangs_bun/adult/thrust.png,"ElizaWy,bluecarrot16",CC0,"https://opengameart.org/content/lpc-hair,https://github.com/ElizaWy/LPC/blob/main/Characters/Hair,https://opengameart.org/content/lpc-expanded-sit-run-jump-more","Original by bluecarrot16, animated by ElizaWy."
hair/bangs_bun/adult/walk.png,"ElizaWy,bluecarrot16",CC0,"https://opengameart.org/content/lpc-hair,https://github.com/ElizaWy/LPC/blob/main/Characters/Hair,https://opengameart.org/content/lpc-expanded-sit-run-jump-more","Original by bluecarrot16, animated by ElizaWy."
hair/bangs_bun/adult/slash.png,"ElizaWy,bluecarrot16",CC0,"https://opengameart.org/content/lpc-hair,https://github.com/ElizaWy/LPC/blob/main/Characters/Hair,https://opengameart.org/content/lpc-expanded-sit-run-jump-more","Original by bluecarrot16, animated by ElizaWy."
hair/bangs_bun/adult/shoot.png,"ElizaWy,bluecarrot16",CC0,"https://opengameart.org/content/lpc-hair,https://github.com/ElizaWy/LPC/blob/main/Characters/Hair,https://opengameart.org/content/lpc-expanded-sit-run-jump-more","Original by bluecarrot16, animated by ElizaWy."
hair/bangs_bun/adult/hurt.png,"ElizaWy,bluecarrot16",CC0,"https://opengameart.org/content/lpc-hair,https://github.com/ElizaWy/LPC/blob/main/Characters/Hair,https://opengameart.org/content/lpc-expanded-sit-run-jump-more","Original by bluecarrot16, animated by ElizaWy."
hair/ponytail/adult/fg/spellcast.png,"JaidynReiman,Manuel Riecke (MrBeast)","CC-BY-SA 3.0,GPL 3.0","https://opengameart.org/content/liberated-pixel-cup-lpc-base-assets-sprites-map-tiles,https://opengameart.org/content/lpc-expanded-hair",
hair/ponytail/adult/bg/spellcast.png,"JaidynReiman,Manuel Riecke (MrBeast)","CC-BY-SA 3.0,GPL 3.0","https://opengameart.org/content/liberated-pixel-cup-lpc-base-assets-sprites-map-tiles,https://opengameart.org/content/lpc-expanded-hair",
hair/ponytail/adult/fg/thrust.png,"JaidynReiman,Manuel Riecke (MrBeast)","CC-BY-SA 3.0,GPL 3.0","https://opengameart.org/content/liberated-pixel-cup-lpc-base-assets-sprites-map-tiles,https://opengameart.org/content/lpc-expanded-hair",
hair/ponytail/adult/bg/thrust.png,"JaidynReiman,Manuel Riecke (MrBeast)","CC-BY-SA 3.0,GPL 3.0","https://opengameart.org/content/liberated-pixel-cup-lpc-base-assets-sprites-map-tiles,https://opengameart.org/content/lpc-expanded-hair",
hair/ponytail/adult/fg/walk.png,"JaidynReiman,Manuel Riecke (MrBeast)","CC-BY-SA 3.0,GPL 3.0","https://opengameart.org/content/liberated-pixel-cup-lpc-base-assets-sprites-map-tiles,https://opengameart.org/content/lpc-expanded-hair",
hair/ponytail/adult/bg/walk.png,"JaidynReiman,Manuel Riecke (MrBeast)","CC-BY-SA 3.0,GPL 3.0","https://opengameart.org/content/liberated-pixel-cup-lpc-base-assets-sprites-map-tiles,https://opengameart.org/content/lpc-expanded-hair",
hair/ponytail/adult/fg/slash.png,"JaidynReiman,Manuel Riecke (MrBeast)","CC-BY-SA 3.0,GPL 3.0","https://opengameart.org/content/liberated-pixel-cup-lpc-base-assets-sprites-map-tiles,https://opengameart.org/content/lpc-expanded-hair",
hair/ponytail/adult/bg/slash.png,"JaidynReiman,Manuel Riecke (MrBeast)","CC-BY-SA 3.0,GPL 3.0","https://opengameart.org/content/liberated-pixel-cup-lpc-base-assets-sprites-map-tiles,https://opengameart.org/content/lpc-expanded-hair",
hair/ponytail/adult/fg/shoot.png,"JaidynReiman,Manuel Riecke (MrBeast)","CC-BY-SA 3.0,GPL 3.0","https://opengameart.org/content/liberated-pixel-cup-lpc-base-assets-sprites-map-tiles,https://opengameart.org/content/lpc-expanded-hair",
hair/ponytail/adult/bg/shoot.png,"JaidynReiman,Manuel Riecke (MrBeast)","CC-BY-SA 3.0,GPL 3.0","https://opengameart.org/content/liberated-pixel-cup-lpc-base-assets-sprites-map-tiles,https://opengameart.org/content/lpc-expanded-hair",
hair/ponytail/adult/fg/hurt.png,"JaidynReiman,Manuel Riecke (MrBeast)","CC-BY-SA 3.0,GPL 3.0","https://opengameart.org/content/liberated-pixel-cup-lpc-base-assets-sprites-map-tiles,https://opengameart.org/content/lpc-expanded-hair",
hair/ponytail/adult/bg/hurt.png,"JaidynReiman,Manuel Riecke (MrBeast)","CC-BY-SA 3.0,GPL 3.0","https://opengameart.org/content/liberated-pixel-cup-lpc-base-assets-sprites-map-tiles,https://opengameart.org/content/lpc-expanded-hair",
hair/long_messy/adult/walk.png,"Mandi Paugh,bluecarrot16","GPL 2.0,GPL 3.0,CC-BY 3.0","https://opengameart.org/content/puck-overland,https://opengameart.org/content/lpc-hair",(puck)
hair/long_messy/adult/slash.png,"Mandi Paugh,bluecarrot16","GPL 2.0,GPL 3.0,CC-BY 3.0","https://opengameart.org/content/puck-overland,https://opengameart.org/content/lpc-hair",(puck)
hair/long_messy/adult/hurt.png,"Mandi Paugh,bluecarrot16","GPL 2.0,GPL 3.0,CC-BY 3.0","https://opengameart.org/content/puck-overland,https://opengameart.org/content/lpc-hair",(puck)
hair/long_messy/adult/idle.png,"Mandi Paugh,bluecarrot16","GPL 2.0,GPL 3.0,CC-BY 3.0","https://opengameart.org/content/puck-overland,https://opengameart.org/content/lpc-hair",(puck)
hair/long_straight/adult/walk.png,"JaidynReiman,thecilekli,bluecarrot16",CC0,"https://opengameart.org/content/lpc-long-straight-hair-with-12-colors,https://opengameart.org/content/lpc-hair,https://opengameart.org/content/lpc-expanded-hair",
hair/long_straight/adult/slash.png,"JaidynReiman,thecilekli,bluecarrot16",CC0,"https://opengameart.org/content/lpc-long-straight-hair-with-12-colors,https://opengameart.org/content/lpc-hair,https://opengameart.org/content/lpc-expanded-hair",
hair/long_straight/adult/shoot.png,"JaidynReiman,thecilekli,bluecarrot16",CC0,"https://opengameart.org/content/lpc-long-straight-hair-with-12-colors,https://opengameart.org/content/lpc-hair,https://opengameart.org/content/lpc-expanded-hair",
hair/long_straight/adult/hurt.png,"JaidynReiman,thecilekli,bluecarrot16",CC0,"https://opengameart.org/content/lpc-long-straight-hair-with-12-colors,https://opengameart.org/content/lpc-hair,https://opengameart.org/content/lpc-expanded-hair",
hair/long_straight/adult/idle.png,"JaidynReiman,thecilekli,bluecarrot16",CC0,"https://opengameart.org/content/lpc-long-straight-hair-with-12-colors,https://opengameart.org/content/lpc-hair,https://opengameart.org/content/lpc-expanded-hair",
hair/long/adult/spellcast.png,"JaidynReiman,Manuel Riecke (MrBeast)","CC-BY-SA 3.0,GPL 3.0","https://opengameart.org/content/liberated-pixel-cup-lpc-base-assets-sprites-map-tiles,https://opengameart.org/content/lpc-expanded-hair",
hair/long/adult/thrust.png,"JaidynReiman,Manuel Riecke (MrBeast)","CC-BY-SA 3.0,GPL 3.0","https://opengameart.org/content/liberated-pixel-cup-lpc-base-assets-sprites-map-tiles,https://opengameart.org/content/lpc-expanded-hair",
hair/long/adult/walk.png,"JaidynReiman,Manuel Riecke (MrBeast)","CC-BY-SA 3.0,GPL 3.0","https://opengameart.org/content/liberated-pixel-cup-lpc-base-assets-sprites-map-tiles,https://opengameart.org/content/lpc-expanded-hair",
hair/long/adult/slash.png,"JaidynReiman,Manuel Riecke (MrBeast)","CC-BY-SA 3.0,GPL 3.0","https://opengameart.org/content/liberated-pixel-cup-lpc-base-assets-sprites-map-tiles,https://opengameart.org/content/lpc-expanded-hair",
hair/long/adult/shoot.png,"JaidynReiman,Manuel Riecke (MrBeast)","CC-BY-SA 3.0,GPL 3.0","https://opengameart.org/content/liberated-pixel-cup-lpc-base-assets-sprites-map-tiles,https://opengameart.org/content/lpc-expanded-hair",
hair/long/adult/hurt.png,"JaidynReiman,Manuel Riecke (MrBeast)","CC-BY-SA 3.0,GPL 3.0","https://opengameart.org/content/liberated-pixel-cup-lpc-base-assets-sprites-map-tiles,https://opengameart.org/content/lpc-expanded-hair",
hair/long/adult/idle.png,"JaidynReiman,Manuel Riecke (MrBeast)","CC-BY-SA 3.0,GPL 3.0","https://opengameart.org/content/liberated-pixel-cup-lpc-base-assets-sprites-map-tiles,https://opengameart.org/content/lpc-expanded-hair",
hair/loose/adult/spellcast.png,"JaidynReiman,Manuel Riecke (MrBeast)","CC-BY-SA 3.0,GPL 3.0","https://opengameart.org/content/liberated-pixel-cup-lpc-base-assets-sprites-map-tiles,https://opengameart.org/content/lpc-expanded-hair",
hair/loose/adult/walk.png,"JaidynReiman,Manuel Riecke (MrBeast)","CC-BY-SA 3.0,GPL 3.0","https://opengameart.org/content/liberated-pixel-cup-lpc-base-assets-sprites-map-tiles,https://opengameart.org/content/lpc-expanded-hair",
hair/loose/adult/slash.png,"JaidynReiman,Manuel Riecke (MrBeast)","CC-BY-SA 3.0,GPL 3.0","https://opengameart.org/content/liberated-pixel-cup-lpc-base-assets-sprites-map-tiles,https://opengameart.org/content/lpc-expanded-hair",
hair/loose/adult/hurt.png,"JaidynReiman,Manuel Riecke (MrBeast)","CC-BY-SA 3.0,GPL 3.0","https://opengameart.org/content/liberated-pixel-cup-lpc-base-assets-sprites-map-tiles,https://opengameart.org/content/lpc-expanded-hair",
hair/loose/adult/idle.png,"JaidynReiman,Manuel Riecke (MrBeast)","CC-BY-SA 3.0,GPL 3.0","https://opengameart.org/content/liberated-pixel-cup-lpc-base-assets-sprites-map-tiles,https://opengameart.org/content/lpc-expanded-hair",
hat/cloth/hood/adult/spellcast.png,"Johannes Sjölund (wulax),JaidynReiman","OGA-BY 3.0,CC-BY-SA 3.0,GPL 3.0","https://opengameart.org/content/lpc-medieval-fantasy-character-sprites,https://opengameart.org/content/lpc-expanded-hats-facial-helmets","Brown hood by Wulax, original black/white recolors by ??, mapped to idle/run/jump/revised combat by JaidynReiman, along with additional recolors."
hat/cloth/hood/adult/thrust.png,"Johannes Sjölund (wulax),JaidynReiman","OGA-BY 3.0,CC-BY-SA 3.0,GPL 3.0","https://opengameart.org/content/lpc-medieval-fantasy-character-sprites,https://opengameart.org/content/lpc-expanded-hats-facial-helmets","Brown hood by Wulax, original black/white recolors by ??, mapped to idle/run/jump/revised combat by JaidynReiman, along with additional recolors."
hat/cloth/hood/adult/walk.png,"Johannes Sjölund (wulax),JaidynReiman","OGA-BY 3.0,CC-BY-SA 3.0,GPL 3.0","https://opengameart.org/content/lpc-medieval-fantasy-character-sprites,https://opengameart.org/content/lpc-expanded-hats-facial-helmets","Brown hood by Wulax, original black/white recolors by ??, mapped to idle/run/jump/revised combat by JaidynReiman, along with additional recolors."
hat/cloth/hood/adult/slash.png,"Johannes Sjölund (wulax),JaidynReiman","OGA-BY 3.0,CC-BY-SA 3.0,GPL 3.0","https://opengameart.org/content/lpc-medieval-fantasy-character-sprites,https://opengameart.org/content/lpc-expanded-hats-facial-helmets","Brown hood by Wulax, original black/white recolors by ??, mapped to idle/run/jump/revised combat by JaidynReiman, along with additional recolors."
hat/cloth/hood/adult/shoot.png,"Johannes Sjölund (wulax),JaidynReiman","OGA-BY 3.0,CC-BY-SA 3.0,GPL 3.0","https://opengameart.org/content/lpc-medieval-fantasy-character-sprites,https://opengameart.org/content/lpc-expanded-hats-facial-helmets","Brown hood by Wulax, original black/white recolors by ??, mapped to idle/run/jump/revised combat by JaidynReiman, along with additional recolors."
hat/cloth/hood/adult/hurt.png,"Johannes Sjölund (wulax),JaidynReiman","OGA-BY 3.0,CC-BY-SA 3.0,GPL 3.0","https://opengameart.org/content/lpc-medieval-fantasy-character-sprites,https://opengameart.org/content/lpc-expanded-hats-facial-helmets","Brown hood by Wulax, original black/white recolors by ??, mapped to idle/run/jump/revised combat by JaidynReiman, along with additional recolors."
hat/cloth/hood/adult/idle.png,"Johannes Sjölund (wulax),JaidynReiman","OGA-BY 3.0,CC-BY-SA 3.0,GPL 3.0","https://opengameart.org/content/lpc-medieval-fantasy-character-sprites,https://opengameart.org/content/lpc-expanded-hats-facial-helmets","Brown hood by Wulax, original black/white recolors by ??, mapped to idle/run/jump/revised combat by JaidynReiman, along with additional recolors."
hat/headband/hairtie/adult/spellcast.png,JaidynReiman,"OGA-BY 3.0+,CC-BY 3.0+,GPL 3.0","https://opengameart.org/content/lpc-relm-hair-xlong-ponytail,https://opengameart.org/content/lpc-expanded-hats-facial-helmets",
hat/headband/hairtie/adult/thrust.png,JaidynReiman,"OGA-BY 3.0+,CC-BY 3.0+,GPL 3.0","https://opengameart.org/content/lpc-relm-hair-xlong-ponytail,https://opengameart.org/content/lpc-expanded-hats-facial-helmets",
hat/headband/hairtie/adult/walk.png,JaidynReiman,"OGA-BY 3.0+,CC-BY 3.0+,GPL 3.0","https://opengameart.org/content/lpc-relm-hair-xlong-ponytail,https://opengameart.org/content/lpc-expanded-hats-facial-helmets",
hat/headband/hairtie/adult/slash.png,JaidynReiman,"OGA-BY 3.0+,CC-BY 3.0+,GPL 3.0","https://opengameart.org/content/lpc-relm-hair-xlong-ponytail,https://opengameart.org/content/lpc-expanded-hats-facial-helmets",
hat/headband/hairtie/adult/shoot.png,JaidynReiman,"OGA-BY 3.0+,CC-BY 3.0+,GPL 3.0","https://opengameart.org/content/lpc-relm-hair-xlong-ponytail,https://opengameart.org/content/lpc-expanded-hats-facial-helmets",
hat/headband/hairtie/adult/hurt.png,JaidynReiman,"OGA-BY 3.0+,CC-BY 3.0+,GPL 3.0","https://opengameart.org/content/lpc-relm-hair-xlong-ponytail,https://opengameart.org/content/lpc-expanded-hats-facial-helmets",
hat/headband/thick/rune/adult/spellcast.png,JaidynReiman,"OGA-BY 3.0+,CC-BY 3.0+,GPL 3.0","https://opengameart.org/content/lpc-relm-hair-xlong-ponytail,https://opengameart.org/content/lpc-expanded-hats-facial-helmets",
hat/headband/thick/rune/adult/thrust.png,JaidynReiman,"OGA-BY 3.0+,CC-BY 3.0+,GPL 3.0","https://opengameart.org/content/lpc-relm-hair-xlong-ponytail,https://opengameart.org/content/lpc-expanded-hats-facial-helmets",
hat/headband/thick/rune/adult/walk.png,JaidynReiman,"OGA-BY 3.0+,CC-BY 3.0+,GPL 3.0","https://opengameart.org/content/lpc-relm-hair-xlong-ponytail,https://opengameart.org/content/lpc-expanded-hats-facial-helmets",
hat/headband/thick/rune/adult/slash.png,JaidynReiman,"OGA-BY 3.0+,CC-BY 3.0+,GPL 3.0","https://opengameart.org/content/lpc-relm-hair-xlong-ponytail,https://opengameart.org/content/lpc-expanded-hats-facial-helmets",
hat/headband/thick/rune/adult/shoot.png,JaidynReiman,"OGA-BY 3.0+,CC-BY 3.0+,GPL 3.0","https://opengameart.org/content/lpc-relm-hair-xlong-ponytail,https://opengameart.org/content/lpc-expanded-hats-facial-helmets",
hat/headband/thick/rune/adult/hurt.png,JaidynReiman,"OGA-BY 3.0+,CC-BY 3.0+,GPL 3.0","https://opengameart.org/content/lpc-relm-hair-xlong-ponytail,https://opengameart.org/content/lpc-expanded-hats-facial-helmets",
hat/headband/tied/adult/spellcast.png,Nila122,"OGA-BY 3.0,CC-BY-SA 3.0,GPL 3.0","https://opengameart.org/content/lpc-lizard-headgear,https://opengameart.org/content/lpc-expanded-hats-facial-helmets",
hat/headband/tied/adult/thrust.png,Nila122,"OGA-BY 3.0,CC-BY-SA 3.0,GPL 3.0","https://opengameart.org/content/lpc-lizard-headgear,https://opengameart.org/content/lpc-expanded-hats-facial-helmets",
hat/headband/tied/adult/walk.png,Nila122,"OGA-BY 3.0,CC-BY-SA 3.0,GPL 3.0","https://opengameart.org/content/lpc-lizard-headgear,https://opengameart.org/content/lpc-expanded-hats-facial-helmets",
hat/headband/tied/adult/slash.png,Nila122,"OGA-BY 3.0,CC-BY-SA 3.0,GPL 3.0","https://opengameart.org/content/lpc-lizard-headgear,https://opengameart.org/content/lpc-expanded-hats-facial-helmets",
hat/headband/tied/adult/shoot.png,Nila122,"OGA-BY 3.0,CC-BY-SA 3.0,GPL 3.0","https://opengameart.org/content/lpc-lizard-headgear,https://opengameart.org/content/lpc-expanded-hats-facial-helmets",
hat/headband/tied/adult/hurt.png,Nila122,"OGA-BY 3.0,CC-BY-SA 3.0,GPL 3.0","https://opengameart.org/content/lpc-lizard-headgear,https://opengameart.org/content/lpc-expanded-hats-facial-helmets",
hat/pirate/bonnie/feather/adult/spellcast.png,"bluecarrot16,JaidynReiman",OGA-BY 3.0,"https://opengameart.org/content/lpc-pirates,https://opengameart.org/content/lpc-expanded-hats-facial-helmets","Bonnie Hat by Bluecarrot16, layers and added animations by JaidynReiman"
hat/pirate/bonnie/feather/adult/thrust.png,"bluecarrot16,JaidynReiman",OGA-BY 3.0,"https://opengameart.org/content/lpc-pirates,https://opengameart.org/content/lpc-expanded-hats-facial-helmets","Bonnie Hat by Bluecarrot16, layers and added animations by JaidynReiman"
hat/pirate/bonnie/feather/adult/walk.png,"bluecarrot16,JaidynReiman",OGA-BY 3.0,"https://opengameart.org/content/lpc-pirates,https://opengameart.org/content/lpc-expanded-hats-facial-helmets","Bonnie Hat by Bluecarrot16, layers and added animations by JaidynReiman"
hat/pirate/bonnie/feather/adult/slash.png,"bluecarrot16,JaidynReiman",OGA-BY 3.0,"https://opengameart.org/content/lpc-pirates,https://opengameart.org/content/lpc-expanded-hats-facial-helmets","Bonnie Hat by Bluecarrot16, layers and added animations by JaidynReiman"
hat/pirate/bonnie/feather/adult/shoot.png,"bluecarrot16,JaidynReiman",OGA-BY 3.0,"https://opengameart.org/content/lpc-pirates,https://opengameart.org/content/lpc-expanded-hats-facial-helmets","Bonnie Hat by Bluecarrot16, layers and added animations by JaidynReiman"
hat/pirate/bonnie/feather/adult/hurt.png,"bluecarrot16,JaidynReiman",OGA-BY 3.0,"https://opengameart.org/content/lpc-pirates,https://opengameart.org/content/lpc-expanded-hats-facial-helmets","Bonnie Hat by Bluecarrot16, layers and added animations by JaidynReiman"
hat/pirate/cavalier/adult/spellcast.png,"bluecarrot16,JaidynReiman",OGA-BY 3.0,"https://opengameart.org/content/lpc-pirates,https://opengameart.org/content/lpc-expanded-hats-facial-helmets","Cavalier Hat by Bluecarrot16, layers and added animations by JaidynReiman"
hat/pirate/cavalier/adult/thrust.png,"bluecarrot16,JaidynReiman",OGA-BY 3.0,"https://opengameart.org/content/lpc-pirates,https://opengameart.org/content/lpc-expanded-hats-facial-helmets","Cavalier Hat by Bluecarrot16, layers and added animations by JaidynReiman"
hat/pirate/cavalier/adult/walk.png,"bluecarrot16,JaidynReiman",OGA-BY 3.0,"https://opengameart.org/content/lpc-pirates,https://opengameart.org/content/lpc-expanded-hats-facial-helmets","Cavalier Hat by Bluecarrot16, layers and added animations by JaidynReiman"
hat/pirate/cavalier/adult/slash.png,"bluecarrot16,JaidynReiman",OGA-BY 3.0,"https://opengameart.org/content/lpc-pirates,https://opengameart.org/content/lpc-expanded-hats-facial-helmets","Cavalier Hat by Bluecarrot16, layers and added animations by JaidynReiman"
hat/pirate/cavalier/adult/shoot.png,"bluecarrot16,JaidynReiman",OGA-BY 3.0,"https://opengameart.org/content/lpc-pirates,https://opengameart.org/content/lpc-expanded-hats-facial-helmets","Cavalier Hat by Bluecarrot16, layers and added animations by JaidynReiman"
hat/pirate/cavalier/adult/hurt.png,"bluecarrot16,JaidynReiman",OGA-BY 3.0,"https://opengameart.org/content/lpc-pirates,https://opengameart.org/content/lpc-expanded-hats-facial-helmets","Cavalier Hat by Bluecarrot16, layers and added animations by JaidynReiman"
hat/cloth/leather_cap/adult/spellcast.png,"Johannes Sjölund (wulax),Matthew Krohn (Makrohn),JaidynReiman","OGA-BY 3.0,CC-BY-SA 3.0,GPL 3.0","https://opengameart.org/content/lpc-medieval-fantasy-character-sprites,https://opengameart.org/content/lpc-expanded-hats-facial-helmets","original by Johannes Sjölund (wulax), female by Matthew Krohn, mapped to all frames w/recolors by JaidynReiman"
hat/cloth/leather_cap/adult/thrust.png,"Johannes Sjölund (wulax),Matthew Krohn (Makrohn),JaidynReiman","OGA-BY 3.0,CC-BY-SA 3.0,GPL 3.0","https://opengameart.org/content/lpc-medieval-fantasy-character-sprites,https://opengameart.org/content/lpc-expanded-hats-facial-helmets","original by Johannes Sjölund (wulax), female by Matthew Krohn, mapped to all frames w/recolors by JaidynReiman"
hat/cloth/leather_cap/adult/walk.png,"Johannes Sjölund (wulax),Matthew Krohn (Makrohn),JaidynReiman","OGA-BY 3.0,CC-BY-SA 3.0,GPL 3.0","https://opengameart.org/content/lpc-medieval-fantasy-character-sprites,https://opengameart.org/content/lpc-expanded-hats-facial-helmets","original by Johannes Sjölund (wulax), female by Matthew Krohn, mapped to all frames w/recolors by JaidynReiman"
hat/cloth/leather_cap/adult/slash.png,"Johannes Sjölund (wulax),Matthew Krohn (Makrohn),JaidynReiman","OGA-BY 3.0,CC-BY-SA 3.0,GPL 3.0","https://opengameart.org/content/lpc-medieval-fantasy-character-sprites,https://opengameart.org/content/lpc-expanded-hats-facial-helmets","original by Johannes Sjölund (wulax), female by Matthew Krohn, mapped to all frames w/recolors by JaidynReiman"
hat/cloth/leather_cap/adult/shoot.png,"Johannes Sjölund (wulax),Matthew Krohn (Makrohn),JaidynReiman","OGA-BY 3.0,CC-BY-SA 3.0,GPL 3.0","https://opengameart.org/content/lpc-medieval-fantasy-character-sprites,https://opengameart.org/content/lpc-expanded-hats-facial-helmets","original by Johannes Sjölund (wulax), female by Matthew Krohn, mapped to all frames w/recolors by JaidynReiman"
hat/cloth/leather_cap/adult/hurt.png,"Johannes Sjölund (wulax),Matthew Krohn (Makrohn),JaidynReiman","OGA-BY 3.0,CC-BY-SA 3.0,GPL 3.0","https://opengameart.org/content/lpc-medieval-fantasy-character-sprites,https://opengameart.org/content/lpc-expanded-hats-facial-helmets","original by Johannes Sjölund (wulax), female by Matthew Krohn, mapped to all frames w/recolors by JaidynReiman"
hat/pirate/tricorne/basic/thatching/adult/spellcast.png,bluecarrot16,OGA-BY 3.0,"https://opengameart.org/content/lpc-pirates,https://opengameart.org/content/lpc-expanded-hats-facial-helmets","Pirate Hat by Bluecarrot16, layers and added animations by JaidynReiman"
hat/pirate/tricorne/basic/thatching/adult/thrust.png,bluecarrot16,OGA-BY 3.0,"https://opengameart.org/content/lpc-pirates,https://opengameart.org/content/lpc-expanded-hats-facial-helmets","Pirate Hat by Bluecarrot16, layers and added animations by JaidynReiman"
hat/pirate/tricorne/basic/thatching/adult/walk.png,bluecarrot16,OGA-BY 3.0,"https://opengameart.org/content/lpc-pirates,https://opengameart.org/content/lpc-expanded-hats-facial-helmets","Pirate Hat by Bluecarrot16, layers and added animations by JaidynReiman"
hat/pirate/tricorne/basic/thatching/adult/slash.png,bluecarrot16,OGA-BY 3.0,"https://opengameart.org/content/lpc-pirates,https://opengameart.org/content/lpc-expanded-hats-facial-helmets","Pirate Hat by Bluecarrot16, layers and added animations by JaidynReiman"
hat/pirate/tricorne/basic/thatching/adult/shoot.png,bluecarrot16,OGA-BY 3.0,"https://opengameart.org/content/lpc-pirates,https://opengameart.org/content/lpc-expanded-hats-facial-helmets","Pirate Hat by Bluecarrot16, layers and added animations by JaidynReiman"
hat/pirate/tricorne/basic/thatching/adult/hurt.png,bluecarrot16,OGA-BY 3.0,"https://opengameart.org/content/lpc-pirates,https://opengameart.org/content/lpc-expanded-hats-facial-helmets","Pirate Hat by Bluecarrot16, layers and added animations by JaidynReiman"
hat/formal/bowler/adult/spellcast.png,bluecarrot16,"CC-BY-SA 3.0,GPL 3.0","https://opengameart.org/content/lpc-gentleman,https://opengameart.org/content/lpc-expanded-hats-facial-helmets",
hat/formal/bowler/adult/thrust.png,bluecarrot16,"CC-BY-SA 3.0,GPL 3.0","https://opengameart.org/content/lpc-gentleman,https://opengameart.org/content/lpc-expanded-hats-facial-helmets",
hat/formal/bowler/adult/walk.png,bluecarrot16,"CC-BY-SA 3.0,GPL 3.0","https://opengameart.org/content/lpc-gentleman,https://opengameart.org/content/lpc-expanded-hats-facial-helmets",
hat/formal/bowler/adult/slash.png,bluecarrot16,"CC-BY-SA 3.0,GPL 3.0","https://opengameart.org/content/lpc-gentleman,https://opengameart.org/content/lpc-expanded-hats-facial-helmets",
hat/formal/bowler/adult/shoot.png,bluecarrot16,"CC-BY-SA 3.0,GPL 3.0","https://opengameart.org/content/lpc-gentleman,https://opengameart.org/content/lpc-expanded-hats-facial-helmets",
hat/formal/bowler/adult/hurt.png,bluecarrot16,"CC-BY-SA 3.0,GPL 3.0","https://opengameart.org/content/lpc-gentleman,https://opengameart.org/content/lpc-expanded-hats-facial-helmets",
hat/formal/crown/adult/spellcast.png,"DarkwallLKE,Charles Sanchez (CharlesGabriel)","CC-BY-SA 3.0,GPL 3.0","https://opengameart.org/content/liberated-pixel-cup-lpc-base-assets-sprites-map-tiles,https://opengameart.org/content/lpc-crown,https://opengameart.org/content/lpc-expanded-hats-facial-helmets",
hat/formal/crown/adult/thrust.png,"DarkwallLKE,Charles Sanchez (CharlesGabriel)","CC-BY-SA 3.0,GPL 3.0","https://opengameart.org/content/liberated-pixel-cup-lpc-base-assets-sprites-map-tiles,https://opengameart.org/content/lpc-crown,https://opengameart.org/content/lpc-expanded-hats-facial-helmets",
hat/formal/crown/adult/walk.png,"DarkwallLKE,Charles Sanchez (CharlesGabriel)","CC-BY-SA 3.0,GPL 3.0","https://opengameart.org/content/liberated-pixel-cup-lpc-base-assets-sprites-map-tiles,https://opengameart.org/content/lpc-crown,https://opengameart.org/content/lpc-expanded-hats-facial-helmets",
hat/formal/crown/adult/slash.png,"DarkwallLKE,Charles Sanchez (CharlesGabriel)","CC-BY-SA 3.0,GPL 3.0","https://opengameart.org/content/liberated-pixel-cup-lpc-base-assets-sprites-map-tiles,https://opengameart.org/content/lpc-crown,https://opengameart.org/content/lpc-expanded-hats-facial-helmets",
hat/formal/crown/adult/shoot.png,"DarkwallLKE,Charles Sanchez (CharlesGabriel)","CC-BY-SA 3.0,GPL 3.0","https://opengameart.org/content/liberated-pixel-cup-lpc-base-assets-sprites-map-tiles,https://opengameart.org/content/lpc-crown,https://opengameart.org/content/lpc-expanded-hats-facial-helmets",
hat/formal/crown/adult/hurt.png,"DarkwallLKE,Charles Sanchez (CharlesGabriel)","CC-BY-SA 3.0,GPL 3.0","https://opengameart.org/content/liberated-pixel-cup-lpc-base-assets-sprites-map-tiles,https://opengameart.org/content/lpc-crown,https://opengameart.org/content/lpc-expanded-hats-facial-helmets",
hat/formal/tiara/adult/spellcast.png,Luke Mehl,"CC-BY-SA 3.0,GPL 3.0","https://opengameart.org/content/female-mage-clothing-set,https://opengameart.org/content/lpc-expanded-hats-facial-helmets",
hat/formal/tiara/adult/thrust.png,Luke Mehl,"CC-BY-SA 3.0,GPL 3.0","https://opengameart.org/content/female-mage-clothing-set,https://opengameart.org/content/lpc-expanded-hats-facial-helmets",
hat/formal/tiara/adult/walk.png,Luke Mehl,"CC-BY-SA 3.0,GPL 3.0","https://opengameart.org/content/female-mage-clothing-set,https://opengameart.org/content/lpc-expanded-hats-facial-helmets",
hat/formal/tiara/adult/slash.png,Luke Mehl,"CC-BY-SA 3.0,GPL 3.0","https://opengameart.org/content/female-mage-clothing-set,https://opengameart.org/content/lpc-expanded-hats-facial-helmets",
hat/formal/tiara/adult/shoot.png,Luke Mehl,"CC-BY-SA 3.0,GPL 3.0","https://opengameart.org/content/female-mage-clothing-set,https://opengameart.org/content/lpc-expanded-hats-facial-helmets",
hat/formal/tiara/adult/hurt.png,Luke Mehl,"CC-BY-SA 3.0,GPL 3.0","https://opengameart.org/content/female-mage-clothing-set,https://opengameart.org/content/lpc-expanded-hats-facial-helmets",
hat/holiday/elf/adult/spellcast.png,"bluecarrot16,JaidynReiman","OGA-BY 3.0,GPL 3.0","https://opengameart.org/content/lpc-santa,https://opengameart.org/content/lpc-expanded-hats-facial-helmets","Christmas Elf by bluecarrot16, split into layers by JaidynReiman"
hat/holiday/elf/adult/thrust.png,"bluecarrot16,JaidynReiman","OGA-BY 3.0,GPL 3.0","https://opengameart.org/content/lpc-santa,https://opengameart.org/content/lpc-expanded-hats-facial-helmets","Christmas Elf by bluecarrot16, split into layers by JaidynReiman"
hat/holiday/elf/adult/walk.png,"bluecarrot16,JaidynReiman","OGA-BY 3.0,GPL 3.0","https://opengameart.org/content/lpc-santa,https://opengameart.org/content/lpc-expanded-hats-facial-helmets","Christmas Elf by bluecarrot16, split into layers by JaidynReiman"
hat/holiday/elf/adult/slash.png,"bluecarrot16,JaidynReiman","OGA-BY 3.0,GPL 3.0","https://opengameart.org/content/lpc-santa,https://opengameart.org/content/lpc-expanded-hats-facial-helmets","Christmas Elf by bluecarrot16, split into layers by JaidynReiman"
hat/holiday/elf/adult/shoot.png,"bluecarrot16,JaidynReiman","OGA-BY 3.0,GPL 3.0","https://opengameart.org/content/lpc-santa,https://opengameart.org/content/lpc-expanded-hats-facial-helmets","Christmas Elf by bluecarrot16, split into layers by JaidynReiman"
hat/holiday/elf/adult/hurt.png,"bluecarrot16,JaidynReiman","OGA-BY 3.0,GPL 3.0","https://opengameart.org/content/lpc-santa,https://opengameart.org/content/lpc-expanded-hats-facial-helmets","Christmas Elf by bluecarrot16, split into layers by JaidynReiman"
hat/helmet/armet/adult/spellcast.png,"bluecarrot16,Johannes Sjölund (wulax),JaidynReiman","OGA-BY 3.0,CC-BY-SA 3.0,GPL 3.0","https://opengameart.org/content/lpc-medieval-fantasy-character-sprites,https://opengameart.org/content/lpc-expanded-hats-facial-helmets","previously called helmet/armor, original version by Johannes Sjölund (wulax), adjustments by bluecarrot16, color reduction by JaidynReiman"
hat/helmet/armet/adult/thrust.png,"bluecarrot16,Johannes Sjölund (wulax),JaidynReiman","OGA-BY 3.0,CC-BY-SA 3.0,GPL 3.0","https://opengameart.org/content/lpc-medieval-fantasy-character-sprites,https://opengameart.org/content/lpc-expanded-hats-facial-helmets","previously called helmet/armor, original version by Johannes Sjölund (wulax), adjustments by bluecarrot16, color reduction by JaidynReiman"
hat/helmet/armet/adult/walk.png,"bluecarrot16,Johannes Sjölund (wulax),JaidynReiman","OGA-BY 3.0,CC-BY-SA 3.0,GPL 3.0","https://opengameart.org/content/lpc-medieval-fantasy-character-sprites,https://opengameart.org/content/lpc-expanded-hats-facial-helmets","previously called helmet/armor, original version by Johannes Sjölund (wulax), adjustments by bluecarrot16, color reduction by JaidynReiman"
hat/helmet/armet/adult/slash.png,"bluecarrot16,Johannes Sjölund (wulax),JaidynReiman","OGA-BY 3.0,CC-BY-SA 3.0,GPL 3.0","https://opengameart.org/content/lpc-medieval-fantasy-character-sprites,https://opengameart.org/content/lpc-expanded-hats-facial-helmets","previously called helmet/armor, original version by Johannes Sjölund (wulax), adjustments by bluecarrot16, color reduction by JaidynReiman"
hat/helmet/armet/adult/shoot.png,"bluecarrot16,Johannes Sjölund (wulax),JaidynReiman","OGA-BY 3.0,CC-BY-SA 3.0,GPL 3.0","https://opengameart.org/content/lpc-medieval-fantasy-character-sprites,https://opengameart.org/content/lpc-expanded-hats-facial-helmets","previously called helmet/armor, original version by Johannes Sjölund (wulax), adjustments by bluecarrot16, color reduction by JaidynReiman"
hat/helmet/armet/adult/hurt.png,"bluecarrot16,Johannes Sjölund (wulax),JaidynReiman","OGA-BY 3.0,CC-BY-SA 3.0,GPL 3.0","https://opengameart.org/content/lpc-medieval-fantasy-character-sprites,https://opengameart.org/content/lpc-expanded-hats-facial-helmets","previously called helmet/armor, original version by Johannes Sjölund (wulax), adjustments by bluecarrot16, color reduction by JaidynReiman"
hat/helmet/barbarian_viking/adult/walk.png,"bluecarrot16,JaidynReiman,Napsio (Vitruvian Studio)","CC-BY 3.0,CC-BY 4.0,OGA-BY 3.0,GPL 2.0,GPL 3.0","https://opengameart.org/content/lpc-helmets,https://opengameart.org/content/lpc-expanded-hats-facial-helmets","original version by bluecarrot16, color reduction by Napsio (Vitruvian Studio)"
hat/helmet/barbarian_viking/adult/slash.png,"bluecarrot16,JaidynReiman,Napsio (Vitruvian Studio)","CC-BY 3.0,CC-BY 4.0,OGA-BY 3.0,GPL 2.0,GPL 3.0","https://opengameart.org/content/lpc-helmets,https://opengameart.org/content/lpc-expanded-hats-facial-helmets","original version by bluecarrot16, color reduction by Napsio (Vitruvian Studio)"
hat/helmet/barbarian_viking/adult/hurt.png,"bluecarrot16,JaidynReiman,Napsio (Vitruvian Studio)","CC-BY 3.0,CC-BY 4.0,OGA-BY 3.0,GPL 2.0,GPL 3.0","https://opengameart.org/content/lpc-helmets,https://opengameart.org/content/lpc-expanded-hats-facial-helmets","original version by bluecarrot16, color reduction by Napsio (Vitruvian Studio)"
hat/helmet/barbarian_viking/adult/idle.png,"bluecarrot16,JaidynReiman,Napsio (Vitruvian Studio)","CC-BY 3.0,CC-BY 4.0,OGA-BY 3.0,GPL 2.0,GPL 3.0","https://opengameart.org/content/lpc-helmets,https://opengameart.org/content/lpc-expanded-hats-facial-helmets","original version by bluecarrot16, color reduction by Napsio (Vitruvian Studio)"
hat/helmet/horned/adult/walk.png,"bluecarrot16,Shaun Williams,Matthew Krohn (makrohn),Johannes Sjölund (wulax),Sander Frenken (castelonia)","CC-BY-SA 3.0,GPL 3.0","https://opengameart.org/content/lpc-medieval-fantasy-character-sprites,https://opengameart.org/content/lpc-full-plate-golden-armor,https://opengameart.org/content/lpc-full-plate-golden-armor-0,https://opengameart.org/content/lpc-helmets-mega-pack,https://opengameart.org/content/lpc-expanded-hats-facial-helmets",
hat/helmet/horned/adult/slash.png,"bluecarrot16,Shaun Williams,Matthew Krohn (makrohn),Johannes Sjölund (wulax),Sander Frenken (castelonia)","CC-BY-SA 3.0,GPL 3.0","https://opengameart.org/content/lpc-medieval-fantasy-character-sprites,https://opengameart.org/content/lpc-full-plate-golden-armor,https://opengameart.org/content/lpc-full-plate-golden-armor-0,https://opengameart.org/content/lpc-helmets-mega-pack,https://opengameart.org/content/lpc-expanded-hats-facial-helmets",
hat/helmet/horned/adult/hurt.png,"bluecarrot16,Shaun Williams,Matthew Krohn (makrohn),Johannes Sjölund (wulax),Sander Frenken (castelonia)","CC-BY-SA 3.0,GPL 3.0","https://opengameart.org/content/lpc-medieval-fantasy-character-sprites,https://opengameart.org/content/lpc-full-plate-golden-armor,https://opengameart.org/content/lpc-full-plate-golden-armor-0,https://opengameart.org/content/lpc-helmets-mega-pack,https://opengameart.org/content/lpc-expanded-hats-facial-helmets",
hat/helmet/horned/adult/idle.png,"bluecarrot16,Shaun Williams,Matthew Krohn (makrohn),Johannes Sjölund (wulax),Sander Frenken (castelonia)","CC-BY-SA 3.0,GPL 3.0","https://opengameart.org/content/lpc-medieval-fantasy-character-sprites,https://opengameart.org/content/lpc-full-plate-golden-armor,https://opengameart.org/content/lpc-full-plate-golden-armor-0,https://opengameart.org/content/lpc-helmets-mega-pack,https://opengameart.org/content/lpc-expanded-hats-facial-helmets",
hat/helmet/kettle/adult/spellcast.png,"Johannes Sjölund (wulax),JaidynReiman,Napsio (Vitruvian Studio)","OGA-BY 3.0,CC-BY-SA 3.0,GPL 3.0","https://opengameart.org/content/lpc-medieval-fantasy-character-sprites,https://opengameart.org/content/lpc-expanded-hats-facial-helmets","previously referred to as chain-hat, color reduction by Napsio (Vitruvian Studio)"
hat/helmet/kettle/adult/thrust.png,"Johannes Sjölund (wulax),JaidynReiman,Napsio (Vitruvian Studio)","OGA-BY 3.0,CC-BY-SA 3.0,GPL 3.0","https://opengameart.org/content/lpc-medieval-fantasy-character-sprites,https://opengameart.org/content/lpc-expanded-hats-facial-helmets","previously referred to as chain-hat, color reduction by Napsio (Vitruvian Studio)"
hat/helmet/kettle/adult/walk.png,"Johannes Sjölund (wulax),JaidynReiman,Napsio (Vitruvian Studio)","OGA-BY 3.0,CC-BY-SA 3.0,GPL 3.0","https://opengameart.org/content/lpc-medieval-fantasy-character-sprites,https://opengameart.org/content/lpc-expanded-hats-facial-helmets","previously referred to as chain-hat, color reduction by Napsio (Vitruvian Studio)"
hat/helmet/kettle/adult/slash.png,"Johannes Sjölund (wulax),JaidynReiman,Napsio (Vitruvian Studio)","OGA-BY 3.0,CC-BY-SA 3.0,GPL 3.0","https://opengameart.org/content/lpc-medieval-fantasy-character-sprites,https://opengameart.org/content/lpc-expanded-hats-facial-helmets","previously referred to as chain-hat, color reduction by Napsio (Vitruvian Studio)"
hat/helmet/kettle/adult/shoot.png,"Johannes Sjölund (wulax),JaidynReiman,Napsio (Vitruvian Studio)","OGA-BY 3.0,CC-BY-SA 3.0,GPL 3.0","https://opengameart.org/content/lpc-medieval-fantasy-character-sprites,https://opengameart.org/content/lpc-expanded-hats-facial-helmets","previously referred to as chain-hat, color reduction by Napsio (Vitruvian Studio)"
hat/helmet/kettle/adult/hurt.png,"Johannes Sjölund (wulax),JaidynReiman,Napsio (Vitruvian Studio)","OGA-BY 3.0,CC-BY-SA 3.0,GPL 3.0","https://opengameart.org/content/lpc-medieval-fantasy-character-sprites,https://opengameart.org/content/lpc-expanded-hats-facial-helmets","previously referred to as chain-hat, color reduction by Napsio (Vitruvian Studio)"
hat/helmet/nasal/adult/spellcast.png,bluecarrot16,"CC-BY 3.0,CC-BY 4.0,OGA-BY 3.0,GPL 2.0,GPL 3.0","https://opengameart.org/content/lpc-helmets,https://opengameart.org/content/lpc-expanded-hats-facial-helmets",
hat/helmet/nasal/adult/thrust.png,bluecarrot16,"CC-BY 3.0,CC-BY 4.0,OGA-BY 3.0,GPL 2.0,GPL 3.0","https://opengameart.org/content/lpc-helmets,https://opengameart.org/content/lpc-expanded-hats-facial-helmets",
hat/helmet/nasal/adult/walk.png,bluecarrot16,"CC-BY 3.0,CC-BY 4.0,OGA-BY 3.0,GPL 2.0,GPL 3.0","https://opengameart.org/content/lpc-helmets,https://opengameart.org/content/lpc-expanded-hats-facial-helmets",
hat/helmet/nasal/adult/slash.png,bluecarrot16,"CC-BY 3.0,CC-BY 4.0,OGA-BY 3.0,GPL 2.0,GPL 3.0","https://opengameart.org/content/lpc-helmets,https://opengameart.org/content/lpc-expanded-hats-facial-helmets",
hat/helmet/nasal/adult/shoot.png,bluecarrot16,"CC-BY 3.0,CC-BY 4.0,OGA-BY 3.0,GPL 2.0,GPL 3.0","https://opengameart.org/content/lpc-helmets,https://opengameart.org/content/lpc-expanded-hats-facial-helmets",
hat/helmet/nasal/adult/hurt.png,bluecarrot16,"CC-BY 3.0,CC-BY 4.0,OGA-BY 3.0,GPL 2.0,GPL 3.0","https://opengameart.org/content/lpc-helmets,https://opengameart.org/content/lpc-expanded-hats-facial-helmets",
hat/accessory/horns_upward/fg/adult/spellcast.png,bluecarrot16,OGA-BY 3.0,"https://opengameart.org/content/lpc-helmets,https://opengameart.org/content/lpc-expanded-hats-facial-helmets",
hat/accessory/horns_upward/bg/adult/spellcast.png,bluecarrot16,OGA-BY 3.0,"https://opengameart.org/content/lpc-helmets,https://opengameart.org/content/lpc-expanded-hats-facial-helmets",
hat/accessory/horns_upward/fg/adult/thrust.png,bluecarrot16,OGA-BY 3.0,"https://opengameart.org/content/lpc-helmets,https://opengameart.org/content/lpc-expanded-hats-facial-helmets",
hat/accessory/horns_upward/bg/adult/thrust.png,bluecarrot16,OGA-BY 3.0,"https://opengameart.org/content/lpc-helmets,https://opengameart.org/content/lpc-expanded-hats-facial-helmets",
hat/accessory/horns_upward/fg/adult/walk.png,bluecarrot16,OGA-BY 3.0,"https://opengameart.org/content/lpc-helmets,https://opengameart.org/content/lpc-expanded-hats-facial-helmets",
hat/accessory/horns_upward/bg/adult/walk.png,bluecarrot16,OGA-BY 3.0,"https://opengameart.org/content/lpc-helmets,https://opengameart.org/content/lpc-expanded-hats-facial-helmets",
hat/accessory/horns_upward/fg/adult/slash.png,bluecarrot16,OGA-BY 3.0,"https://opengameart.org/content/lpc-helmets,https://opengameart.org/content/lpc-expanded-hats-facial-helmets",
hat/accessory/horns_upward/bg/adult/slash.png,bluecarrot16,OGA-BY 3.0,"https://opengameart.org/content/lpc-helmets,https://opengameart.org/content/lpc-expanded-hats-facial-helmets",
hat/accessory/horns_upward/fg/adult/shoot.png,bluecarrot16,OGA-BY 3.0,"https://opengameart.org/content/lpc-helmets,https://opengameart.org/content/lpc-expanded-hats-facial-helmets",
hat/accessory/horns_upward/bg/adult/shoot.png,bluecarrot16,OGA-BY 3.0,"https://opengameart.org/content/lpc-helmets,https://opengameart.org/content/lpc-expanded-hats-facial-helmets",
hat/accessory/horns_upward/bg/adult/hurt.png,bluecarrot16,OGA-BY 3.0,"https://opengameart.org/content/lpc-helmets,https://opengameart.org/content/lpc-expanded-hats-facial-helmets",
facial/masks/plain/adult/spellcast.png,Nila122,"OGA-BY 3.0,CC-BY-SA 3.0,GPL 2.0,GPL 3.0","https://opengameart.org/content/lpc-masks,https://opengameart.org/content/lpc-expanded-hats-facial-helmets",
facial/masks/plain/adult/thrust.png,Nila122,"OGA-BY 3.0,CC-BY-SA 3.0,GPL 2.0,GPL 3.0","https://opengameart.org/content/lpc-masks,https://opengameart.org/content/lpc-expanded-hats-facial-helmets",
facial/masks/plain/adult/walk.png,Nila122,"OGA-BY 3.0,CC-BY-SA 3.0,GPL 2.0,GPL 3.0","https://opengameart.org/content/lpc-masks,https://opengameart.org/content/lpc-expanded-hats-facial-helmets",
facial/masks/plain/adult/slash.png,Nila122,"OGA-BY 3.0,CC-BY-SA 3.0,GPL 2.0,GPL 3.0","https://opengameart.org/content/lpc-masks,https://opengameart.org/content/lpc-expanded-hats-facial-helmets",
facial/masks/plain/adult/shoot.png,Nila122,"OGA-BY 3.0,CC-BY-SA 3.0,GPL 2.0,GPL 3.0","https://opengameart.org/content/lpc-masks,https://opengameart.org/content/lpc-expanded-hats-facial-helmets",
facial/masks/plain/adult/hurt.png,Nila122,"OGA-BY 3.0,CC-BY-SA 3.0,GPL 2.0,GPL 3.0","https://opengameart.org/content/lpc-masks,https://opengameart.org/content/lpc-expanded-hats-facial-helmets",
neck/capeclip/male/spellcast.png,"bluecarrot16,JaidynReiman","OGA-BY 3.0,CC-BY-SA 3.0,GPL 3.0","https://opengameart.org/content/lpc-curly-hair-elven-ears-white-cape-with-blue-trim-and-more,http://opengameart.org/content/lpc-clothing-updates",adapted to male body and v3 bases by bluecarrot16
neck/capeclip/thin/spellcast.png,"bluecarrot16,JaidynReiman","OGA-BY 3.0,CC-BY-SA 3.0,GPL 3.0","https://opengameart.org/content/lpc-curly-hair-elven-ears-white-cape-with-blue-trim-and-more,http://opengameart.org/content/lpc-clothing-updates",adapted to male body and v3 bases by bluecarrot16
neck/capeclip/male/thrust.png,"bluecarrot16,JaidynReiman","OGA-BY 3.0,CC-BY-SA 3.0,GPL 3.0","https://opengameart.org/content/lpc-curly-hair-elven-ears-white-cape-with-blue-trim-and-more,http://opengameart.org/content/lpc-clothing-updates",adapted to male body and v3 bases by bluecarrot16
neck/capeclip/thin/thrust.png,"bluecarrot16,JaidynReiman","OGA-BY 3.0,CC-BY-SA 3.0,GPL 3.0","https://opengameart.org/content/lpc-curly-hair-elven-ears-white-cape-with-blue-trim-and-more,http://opengameart.org/content/lpc-clothing-updates",adapted to male body and v3 bases by bluecarrot16
neck/capeclip/male/walk.png,"bluecarrot16,JaidynReiman","OGA-BY 3.0,CC-BY-SA 3.0,GPL 3.0","https://opengameart.org/content/lpc-curly-hair-elven-ears-white-cape-with-blue-trim-and-more,http://opengameart.org/content/lpc-clothing-updates",adapted to male body and v3 bases by bluecarrot16
neck/capeclip/thin/walk.png,"bluecarrot16,JaidynReiman","OGA-BY 3.0,CC-BY-SA 3.0,GPL 3.0","https://opengameart.org/content/lpc-curly-hair-elven-ears-white-cape-with-blue-trim-and-more,http://opengameart.org/content/lpc-clothing-updates",adapted to male body and v3 bases by bluecarrot16
neck/capeclip/male/slash.png,"bluecarrot16,JaidynReiman","OGA-BY 3.0,CC-BY-SA 3.0,GPL 3.0","https://opengameart.org/content/lpc-curly-hair-elven-ears-white-cape-with-blue-trim-and-more,http://opengameart.org/content/lpc-clothing-updates",adapted to male body and v3 bases by bluecarrot16
neck/capeclip/thin/slash.png,"bluecarrot16,JaidynReiman","OGA-BY 3.0,CC-BY-SA 3.0,GPL 3.0","https://opengameart.org/content/lpc-curly-hair-elven-ears-white-cape-with-blue-trim-and-more,http://opengameart.org/content/lpc-clothing-updates",adapted to male body and v3 bases by bluecarrot16
neck/capeclip/male/shoot.png,"bluecarrot16,JaidynReiman","OGA-BY 3.0,CC-BY-SA 3.0,GPL 3.0","https://opengameart.org/content/lpc-curly-hair-elven-ears-white-cape-with-blue-trim-and-more,http://opengameart.org/content/lpc-clothing-updates",adapted to male body and v3 bases by bluecarrot16
neck/capeclip/thin/shoot.png,"bluecarrot16,JaidynReiman","OGA-BY 3.0,CC-BY-SA 3.0,GPL 3.0","https://opengameart.org/content/lpc-curly-hair-elven-ears-white-cape-with-blue-trim-and-more,http://opengameart.org/content/lpc-clothing-updates",adapted to male body and v3 bases by bluecarrot16
neck/capeclip/male/hurt.png,"bluecarrot16,JaidynReiman","OGA-BY 3.0,CC-BY-SA 3.0,GPL 3.0","https://opengameart.org/content/lpc-curly-hair-elven-ears-white-cape-with-blue-trim-and-more,http://opengameart.org/content/lpc-clothing-updates",adapted to male body and v3 bases by bluecarrot16
neck/capeclip/thin/hurt.png,"bluecarrot16,JaidynReiman","OGA-BY 3.0,CC-BY-SA 3.0,GPL 3.0","https://opengameart.org/content/lpc-curly-hair-elven-ears-white-cape-with-blue-trim-and-more,http://opengameart.org/content/lpc-clothing-updates",adapted to male body and v3 bases by bluecarrot16
neck/cravat/thin/spellcast.png,bluecarrot16,"OGA-BY 3.0,GPL 3.0",https://opengameart.org/content/lpc-pirates,
neck/cravat/thin/thrust.png,bluecarrot16,"OGA-BY 3.0,GPL 3.0",https://opengameart.org/content/lpc-pirates,
neck/cravat/thin/walk.png,bluecarrot16,"OGA-BY 3.0,GPL 3.0",https://opengameart.org/content/lpc-pirates,
neck/cravat/thin/slash.png,bluecarrot16,"OGA-BY 3.0,GPL 3.0",https://opengameart.org/content/lpc-pirates,
neck/cravat/thin/shoot.png,bluecarrot16,"OGA-BY 3.0,GPL 3.0",https://opengameart.org/content/lpc-pirates,
neck/cravat/thin/hurt.png,bluecarrot16,"OGA-BY 3.0,GPL 3.0",https://opengameart.org/content/lpc-pirates,
neck/amulet/cross/male/spellcast.png,bluecarrot16,CC0,https://opengameart.org/content/lpc-jewelry,
neck/amulet/cross/female/spellcast.png,bluecarrot16,CC0,https://opengameart.org/content/lpc-jewelry,
neck/amulet/cross/male/thrust.png,bluecarrot16,CC0,https://opengameart.org/content/lpc-jewelry,
neck/amulet/cross/female/thrust.png,bluecarrot16,CC0,https://opengameart.org/content/lpc-jewelry,
neck/amulet/cross/male/walk.png,bluecarrot16,CC0,https://opengameart.org/content/lpc-jewelry,
neck/amulet/cross/female/walk.png,bluecarrot16,CC0,https://opengameart.org/content/lpc-jewelry,
neck/amulet/cross/male/slash.png,bluecarrot16,CC0,https://opengameart.org/content/lpc-jewelry,
neck/amulet/cross/female/slash.png,bluecarrot16,CC0,https://opengameart.org/content/lpc-jewelry,
neck/amulet/cross/male/shoot.png,bluecarrot16,CC0,https://opengameart.org/content/lpc-jewelry,
neck/amulet/cross/female/shoot.png,bluecarrot16,CC0,https://opengameart.org/content/lpc-jewelry,
neck/amulet/cross/male/hurt.png,bluecarrot16,CC0,https://opengameart.org/content/lpc-jewelry,
neck/amulet/cross/female/hurt.png,bluecarrot16,CC0,https://opengameart.org/content/lpc-jewelry,
arms/armour/plate/male/spellcast.png,"Michael Whitlock (bigbeargames),Matthew Krohn (makrohn),Johannes Sjölund (wulax),bluecarrot16,JaidynReiman","OGA-BY 3.0,CC-BY-SA 3.0,GPL 3.0","https://opengameart.org/content/lpc-medieval-fantasy-character-sprites,http://opengameart.org/content/lpc-clothing-updates","original by wulax, recolors by bigbeargames; adapted to v3 bases and further recolors by bluecarrot16, climb/emote/jump by JaidynReiman"
arms/armour/plate/thin/spellcast.png,"Michael Whitlock (bigbeargames),Matthew Krohn (makrohn),Johannes Sjölund (wulax),bluecarrot16,JaidynReiman","OGA-BY 3.0,CC-BY-SA 3.0,GPL 3.0","https://opengameart.org/content/lpc-medieval-fantasy-character-sprites,https://opengameart.org/content/lpc-combat-armor-for-women,http://opengameart.org/content/lpc-clothing-updates","original by wulax, adapted to female by makrohn, recolors by bigbeargames; adapted to v3 bases and further recolors by bluecarrot16, climb/emote by JaidynReiman"
arms/armour/plate/male/thrust.png,"Michael Whitlock (bigbeargames),Matthew Krohn (makrohn),Johannes Sjölund (wulax),bluecarrot16,JaidynReiman","OGA-BY 3.0,CC-BY-SA 3.0,GPL 3.0","https://opengameart.org/content/lpc-medieval-fantasy-character-sprites,http://opengameart.org/content/lpc-clothing-updates","original by wulax, recolors by bigbeargames; adapted to v3 bases and further recolors by bluecarrot16, climb/emote/jump by JaidynReiman"
arms/armour/plate/thin/thrust.png,"Michael Whitlock (bigbeargames),Matthew Krohn (makrohn),Johannes Sjölund (wulax),bluecarrot16,JaidynReiman","OGA-BY 3.0,CC-BY-SA 3.0,GPL 3.0","https://opengameart.org/content/lpc-medieval-fantasy-character-sprites,https://opengameart.org/content/lpc-combat-armor-for-women,http://opengameart.org/content/lpc-clothing-updates","original by wulax, adapted to female by makrohn, recolors by bigbeargames; adapted to v3 bases and further recolors by bluecarrot16, climb/emote by JaidynReiman"
arms/armour/plate/male/walk.png,"Michael Whitlock (bigbeargames),Matthew Krohn (makrohn),Johannes Sjölund (wulax),bluecarrot16,JaidynReiman","OGA-BY 3.0,CC-BY-SA 3.0,GPL 3.0","https://opengameart.org/content/lpc-medieval-fantasy-character-sprites,http://opengameart.org/content/lpc-clothing-updates","original by wulax, recolors by bigbeargames; adapted to v3 bases and further recolors by bluecarrot16, climb/emote/jump by JaidynReiman"
arms/armour/plate/thin/walk.png,"Michael Whitlock (bigbeargames),Matthew Krohn (makrohn),Johannes Sjölund (wulax),bluecarrot16,JaidynReiman","OGA-BY 3.0,CC-BY-SA 3.0,GPL 3.0","https://opengameart.org/content/lpc-medieval-fantasy-character-sprites,https://opengameart.org/content/lpc-combat-armor-for-women,http://opengameart.org/content/lpc-clothing-updates","original by wulax, adapted to female by makrohn, recolors by bigbeargames; adapted to v3 bases and further recolors by bluecarrot16, climb/emote by JaidynReiman"
arms/armour/plate/male/slash.png,"Michael Whitlock (bigbeargames),Matthew Krohn (makrohn),Johannes Sjölund (wulax),bluecarrot16,JaidynReiman","OGA-BY 3.0,CC-BY-SA 3.0,GPL 3.0","https://opengameart.org/content/lpc-medieval-fantasy-character-sprites,http://opengameart.org/content/lpc-clothing-updates","original by wulax, recolors by bigbeargames; adapted to v3 bases and further recolors by bluecarrot16, climb/emote/jump by JaidynReiman"
arms/armour/plate/thin/slash.png,"Michael Whitlock (bigbeargames),Matthew Krohn (makrohn),Johannes Sjölund (wulax),bluecarrot16,JaidynReiman","OGA-BY 3.0,CC-BY-SA 3.0,GPL 3.0","https://opengameart.org/content/lpc-medieval-fantasy-character-sprites,https://opengameart.org/content/lpc-combat-armor-for-women,http://opengameart.org/content/lpc-clothing-updates","original by wulax, adapted to female by makrohn, recolors by bigbeargames; adapted to v3 bases and further recolors by bluecarrot16, climb/emote by JaidynReiman"
arms/armour/plate/male/shoot.png,"Michael Whitlock (bigbeargames),Matthew Krohn (makrohn),Johannes Sjölund (wulax),bluecarrot16,JaidynReiman","OGA-BY 3.0,CC-BY-SA 3.0,GPL 3.0","https://opengameart.org/content/lpc-medieval-fantasy-character-sprites,http://opengameart.org/content/lpc-clothing-updates","original by wulax, recolors by bigbeargames; adapted to v3 bases and further recolors by bluecarrot16, climb/emote/jump by JaidynReiman"
arms/armour/plate/thin/shoot.png,"Michael Whitlock (bigbeargames),Matthew Krohn (makrohn),Johannes Sjölund (wulax),bluecarrot16,JaidynReiman","OGA-BY 3.0,CC-BY-SA 3.0,GPL 3.0","https://opengameart.org/content/lpc-medieval-fantasy-character-sprites,https://opengameart.org/content/lpc-combat-armor-for-women,http://opengameart.org/content/lpc-clothing-updates","original by wulax, adapted to female by makrohn, recolors by bigbeargames; adapted to v3 bases and further recolors by bluecarrot16, climb/emote by JaidynReiman"
arms/armour/plate/male/hurt.png,"Michael Whitlock (bigbeargames),Matthew Krohn (makrohn),Johannes Sjölund (wulax),bluecarrot16,JaidynReiman","OGA-BY 3.0,CC-BY-SA 3.0,GPL 3.0","https://opengameart.org/content/lpc-medieval-fantasy-character-sprites,http://opengameart.org/content/lpc-clothing-updates","original by wulax, recolors by bigbeargames; adapted to v3 bases and further recolors by bluecarrot16, climb/emote/jump by JaidynReiman"
arms/armour/plate/thin/hurt.png,"Michael Whitlock (bigbeargames),Matthew Krohn (makrohn),Johannes Sjölund (wulax),bluecarrot16,JaidynReiman","OGA-BY 3.0,CC-BY-SA 3.0,GPL 3.0","https://opengameart.org/content/lpc-medieval-fantasy-character-sprites,https://opengameart.org/content/lpc-combat-armor-for-women,http://opengameart.org/content/lpc-clothing-updates","original by wulax, adapted to female by makrohn, recolors by bigbeargames; adapted to v3 bases and further recolors by bluecarrot16, climb/emote by JaidynReiman"
arms/armour/plate/male/idle.png,"Michael Whitlock (bigbeargames),Matthew Krohn (makrohn),Johannes Sjölund (wulax),bluecarrot16,JaidynReiman","OGA-BY 3.0,CC-BY-SA 3.0,GPL 3.0","https://opengameart.org/content/lpc-medieval-fantasy-character-sprites,http://opengameart.org/content/lpc-clothing-updates","original by wulax, recolors by bigbeargames; adapted to v3 bases and further recolors by bluecarrot16, climb/emote/jump by JaidynReiman"
arms/armour/plate/thin/idle.png,"Michael Whitlock (bigbeargames),Matthew Krohn (makrohn),Johannes Sjölund (wulax),bluecarrot16,JaidynReiman","OGA-BY 3.0,CC-BY-SA 3.0,GPL 3.0","https://opengameart.org/content/lpc-medieval-fantasy-character-sprites,https://opengameart.org/content/lpc-combat-armor-for-women,http://opengameart.org/content/lpc-clothing-updates","original by wulax, adapted to female by makrohn, recolors by bigbeargames; adapted to v3 bases and further recolors by bluecarrot16, climb/emote by JaidynReiman"
arms/hands/gloves/male/spellcast.png,"Michael Whitlock (bigbeargames),Matthew Krohn (makrohn),Johannes Sjölund (wulax),bluecarrot16,JaidynReiman","OGA-BY 3.0,CC-BY-SA 3.0,GPL 3.0","https://opengameart.org/content/lpc-medieval-fantasy-character-sprites,http://opengameart.org/content/lpc-clothing-updates","metal gloves by wulax, recolors by bigbeargames, adapted to v3 bases by bluecarrot16, added to expanded animations by JaidynReiman"
arms/hands/gloves/thin/spellcast.png,"Michael Whitlock (bigbeargames),Matthew Krohn (makrohn),Johannes Sjölund (wulax),bluecarrot16,JaidynReiman","OGA-BY 3.0,CC-BY-SA 3.0,GPL 3.0","https://opengameart.org/content/lpc-medieval-fantasy-character-sprites,http://opengameart.org/content/lpc-clothing-updates","metal gloves by wulax, extended to female base by makrohn, recolors by bigbeargames, adapted to v3 bases by bluecarrot16, added to expanded animations by JaidynReiman"
arms/hands/gloves/male/thrust.png,"Michael Whitlock (bigbeargames),Matthew Krohn (makrohn),Johannes Sjölund (wulax),bluecarrot16,JaidynReiman","OGA-BY 3.0,CC-BY-SA 3.0,GPL 3.0","https://opengameart.org/content/lpc-medieval-fantasy-character-sprites,http://opengameart.org/content/lpc-clothing-updates","metal gloves by wulax, recolors by bigbeargames, adapted to v3 bases by bluecarrot16, added to expanded animations by JaidynReiman"
arms/hands/gloves/thin/thrust.png,"Michael Whitlock (bigbeargames),Matthew Krohn (makrohn),Johannes Sjölund (wulax),bluecarrot16,JaidynReiman","OGA-BY 3.0,CC-BY-SA 3.0,GPL 3.0","https://opengameart.org/content/lpc-medieval-fantasy-character-sprites,http://opengameart.org/content/lpc-clothing-updates","metal gloves by wulax, extended to female base by makrohn, recolors by bigbeargames, adapted to v3 bases by bluecarrot16, added to expanded animations by JaidynReiman"
arms/hands/gloves/male/walk.png,"Michael Whitlock (bigbeargames),Matthew Krohn (makrohn),Johannes Sjölund (wulax),bluecarrot16,JaidynReiman","OGA-BY 3.0,CC-BY-SA 3.0,GPL 3.0","https://opengameart.org/content/lpc-medieval-fantasy-character-sprites,http://opengameart.org/content/lpc-clothing-updates","metal gloves by wulax, recolors by bigbeargames, adapted to v3 bases by bluecarrot16, added to expanded animations by JaidynReiman"
arms/hands/gloves/thin/walk.png,"Michael Whitlock (bigbeargames),Matthew Krohn (makrohn),Johannes Sjölund (wulax),bluecarrot16,JaidynReiman","OGA-BY 3.0,CC-BY-SA 3.0,GPL 3.0","https://opengameart.org/content/lpc-medieval-fantasy-character-sprites,http://opengameart.org/content/lpc-clothing-updates","metal gloves by wulax, extended to female base by makrohn, recolors by bigbeargames, adapted to v3 bases by bluecarrot16, added to expanded animations by JaidynReiman"
arms/hands/gloves/male/slash.png,"Michael Whitlock (bigbeargames),Matthew Krohn (makrohn),Johannes Sjölund (wulax),bluecarrot16,JaidynReiman","OGA-BY 3.0,CC-BY-SA 3.0,GPL 3.0","https://opengameart.org/content/lpc-medieval-fantasy-character-sprites,http://opengameart.org/content/lpc-clothing-updates","metal gloves by wulax, recolors by bigbeargames, adapted to v3 bases by bluecarrot16, added to expanded animations by JaidynReiman"
arms/hands/gloves/thin/slash.png,"Michael Whitlock (bigbeargames),Matthew Krohn (makrohn),Johannes Sjölund (wulax),bluecarrot16,JaidynReiman","OGA-BY 3.0,CC-BY-SA 3.0,GPL 3.0","https://opengameart.org/content/lpc-medieval-fantasy-character-sprites,http://opengameart.org/content/lpc-clothing-updates","metal gloves by wulax, extended to female base by makrohn, recolors by bigbeargames, adapted to v3 bases by bluecarrot16, added to expanded animations by JaidynReiman"
arms/hands/gloves/male/shoot.png,"Michael Whitlock (bigbeargames),Matthew Krohn (makrohn),Johannes Sjölund (wulax),bluecarrot16,JaidynReiman","OGA-BY 3.0,CC-BY-SA 3.0,GPL 3.0","https://opengameart.org/content/lpc-medieval-fantasy-character-sprites,http://opengameart.org/content/lpc-clothing-updates","metal gloves by wulax, recolors by bigbeargames, adapted to v3 bases by bluecarrot16, added to expanded animations by JaidynReiman"
arms/hands/gloves/thin/shoot.png,"Michael Whitlock (bigbeargames),Matthew Krohn (makrohn),Johannes Sjölund (wulax),bluecarrot16,JaidynReiman","OGA-BY 3.0,CC-BY-SA 3.0,GPL 3.0","https://opengameart.org/content/lpc-medieval-fantasy-character-sprites,http://opengameart.org/content/lpc-clothing-updates","metal gloves by wulax, extended to female base by makrohn, recolors by bigbeargames, adapted to v3 bases by bluecarrot16, added to expanded animations by JaidynReiman"
arms/hands/gloves/male/hurt.png,"Michael Whitlock (bigbeargames),Matthew Krohn (makrohn),Johannes Sjölund (wulax),bluecarrot16,JaidynReiman","OGA-BY 3.0,CC-BY-SA 3.0,GPL 3.0","https://opengameart.org/content/lpc-medieval-fantasy-character-sprites,http://opengameart.org/content/lpc-clothing-updates","metal gloves by wulax, recolors by bigbeargames, adapted to v3 bases by bluecarrot16, added to expanded animations by JaidynReiman"
arms/hands/gloves/thin/hurt.png,"Michael Whitlock (bigbeargames),Matthew Krohn (makrohn),Johannes Sjölund (wulax),bluecarrot16,JaidynReiman","OGA-BY 3.0,CC-BY-SA 3.0,GPL 3.0","https://opengameart.org/content/lpc-medieval-fantasy-character-sprites,http://opengameart.org/content/lpc-clothing-updates","metal gloves by wulax, extended to female base by makrohn, recolors by bigbeargames, adapted to v3 bases by bluecarrot16, added to expanded animations by JaidynReiman"
arms/bracers/male/spellcast.png,"Matthew Krohn (makrohn),Johannes Sjölund (wulax),JaidynReiman","OGA-BY 3.0,CC-BY-SA 3.0,GPL 3.0",https://opengameart.org/content/lpc-medieval-fantasy-character-sprites,"original by wulax, adjustments by Makrohn, climb/emote/jump/sit/run by JaidynReiman"
arms/bracers/thin/spellcast.png,"Matthew Krohn (makrohn),Johannes Sjölund (wulax),JaidynReiman","OGA-BY 3.0,CC-BY-SA 3.0,GPL 3.0",https://opengameart.org/content/lpc-medieval-fantasy-character-sprites,"original by wulax, adjustments by Makrohn, climb/emote/jump/sit/run by JaidynReiman"
arms/bracers/male/thrust.png,"Matthew Krohn (makrohn),Johannes Sjölund (wulax),JaidynReiman","OGA-BY 3.0,CC-BY-SA 3.0,GPL 3.0",https://opengameart.org/content/lpc-medieval-fantasy-character-sprites,"original by wulax, adjustments by Makrohn, climb/emote/jump/sit/run by JaidynReiman"
arms/bracers/thin/thrust.png,"Matthew Krohn (makrohn),Johannes Sjölund (wulax),JaidynReiman","OGA-BY 3.0,CC-BY-SA 3.0,GPL 3.0",https://opengameart.org/content/lpc-medieval-fantasy-character-sprites,"original by wulax, adjustments by Makrohn, climb/emote/jump/sit/run by JaidynReiman"
arms/bracers/male/walk.png,"Matthew Krohn (makrohn),Johannes Sjölund (wulax),JaidynReiman","OGA-BY 3.0,CC-BY-SA 3.0,GPL 3.0",https://opengameart.org/content/lpc-medieval-fantasy-character-sprites,"original by wulax, adjustments by Makrohn, climb/emote/jump/sit/run by JaidynReiman"
arms/bracers/thin/walk.png,"Matthew Krohn (makrohn),Johannes Sjölund (wulax),JaidynReiman","OGA-BY 3.0,CC-BY-SA 3.0,GPL 3.0",https://opengameart.org/content/lpc-medieval-fantasy-character-sprites,"original by wulax, adjustments by Makrohn, climb/emote/jump/sit/run by JaidynReiman"
arms/bracers/male/slash.png,"Matthew Krohn (makrohn),Johannes Sjölund (wulax),JaidynReiman","OGA-BY 3.0,CC-BY-SA 3.0,GPL 3.0",https://opengameart.org/content/lpc-medieval-fantasy-character-sprites,"original by wulax, adjustments by Makrohn, climb/emote/jump/sit/run by JaidynReiman"
arms/bracers/thin/slash.png,"Matthew Krohn (makrohn),Johannes Sjölund (wulax),JaidynReiman","OGA-BY 3.0,CC-BY-SA 3.0,GPL 3.0",https://opengameart.org/content/lpc-medieval-fantasy-character-sprites,"original by wulax, adjustments by Makrohn, climb/emote/jump/sit/run by JaidynReiman"
arms/bracers/male/shoot.png,"Matthew Krohn (makrohn),Johannes Sjölund (wulax),JaidynReiman","OGA-BY 3.0,CC-BY-SA 3.0,GPL 3.0",https://opengameart.org/content/lpc-medieval-fantasy-character-sprites,"original by wulax, adjustments by Makrohn, climb/emote/jump/sit/run by JaidynReiman"
arms/bracers/thin/shoot.png,"Matthew Krohn (makrohn),Johannes Sjölund (wulax),JaidynReiman","OGA-BY 3.0,CC-BY-SA 3.0,GPL 3.0",https://opengameart.org/content/lpc-medieval-fantasy-character-sprites,"original by wulax, adjustments by Makrohn, climb/emote/jump/sit/run by JaidynReiman"
arms/bracers/male/hurt.png,"Matthew Krohn (makrohn),Johannes Sjölund (wulax),JaidynReiman","OGA-BY 3.0,CC-BY-SA 3.0,GPL 3.0",https://opengameart.org/content/lpc-medieval-fantasy-character-sprites,"original by wulax, adjustments by Makrohn, climb/emote/jump/sit/run by JaidynReiman"
arms/bracers/thin/hurt.png,"Matthew Krohn (makrohn),Johannes Sjölund (wulax),JaidynReiman","OGA-BY 3.0,CC-BY-SA 3.0,GPL 3.0",https://opengameart.org/content/lpc-medieval-fantasy-character-sprites,"original by wulax, adjustments by Makrohn, climb/emote/jump/sit/run by JaidynReiman"
shoulders/pauldrons/male/spellcast.png,"Matthew Krohn (makrohn),Johannes Sjölund (wulax),bluecarrot16,JaidynReiman","OGA-BY 3.0,CC-BY-SA 3.0,GPL 3.0","https://opengameart.org/content/lpc-medieval-fantasy-character-sprites,http://opengameart.org/content/lpc-clothing-updates","adapted to female base by makrohn, adapted to v3 bases by bluecarrot16, climb/jump/sit/emote/run/revised combat by JaidynReiman"
shoulders/pauldrons/thin/spellcast.png,"Matthew Krohn (makrohn),Johannes Sjölund (wulax),bluecarrot16,JaidynReiman","OGA-BY 3.0,CC-BY-SA 3.0,GPL 3.0","https://opengameart.org/content/lpc-medieval-fantasy-character-sprites,http://opengameart.org/content/lpc-clothing-updates","adapted to female base by makrohn, adapted to v3 bases by bluecarrot16, climb/jump/sit/emote/run/revised combat by JaidynReiman"
shoulders/pauldrons/male/thrust.png,"Matthew Krohn (makrohn),Johannes Sjölund (wulax),bluecarrot16,JaidynReiman","OGA-BY 3.0,CC-BY-SA 3.0,GPL 3.0","https://opengameart.org/content/lpc-medieval-fantasy-character-sprites,http://opengameart.org/content/lpc-clothing-updates","adapted to female base by makrohn, adapted to v3 bases by bluecarrot16, climb/jump/sit/emote/run/revised combat by JaidynReiman"
shoulders/pauldrons/thin/thrust.png,"Matthew Krohn (makrohn),Johannes Sjölund (wulax),bluecarrot16,JaidynReiman","OGA-BY 3.0,CC-BY-SA 3.0,GPL 3.0","https://opengameart.org/content/lpc-medieval-fantasy-character-sprites,http://opengameart.org/content/lpc-clothing-updates","adapted to female base by makrohn, adapted to v3 bases by bluecarrot16, climb/jump/sit/emote/run/revised combat by JaidynReiman"
shoulders/pauldrons/male/walk.png,"Matthew Krohn (makrohn),Johannes Sjölund (wulax),bluecarrot16,JaidynReiman","OGA-BY 3.0,CC-BY-SA 3.0,GPL 3.0","https://opengameart.org/content/lpc-medieval-fantasy-character-sprites,http://opengameart.org/content/lpc-clothing-updates","adapted to female base by makrohn, adapted to v3 bases by bluecarrot16, climb/jump/sit/emote/run/revised combat by JaidynReiman"
shoulders/pauldrons/thin/walk.png,"Matthew Krohn (makrohn),Johannes Sjölund (wulax),bluecarrot16,JaidynReiman","OGA-BY 3.0,CC-BY-SA 3.0,GPL 3.0","https://opengameart.org/content/lpc-medieval-fantasy-character-sprites,http://opengameart.org/content/lpc-clothing-updates","adapted to female base by makrohn, adapted to v3 bases by bluecarrot16, climb/jump/sit/emote/run/revised combat by JaidynReiman"
shoulders/pauldrons/male/slash.png,"Matthew Krohn (makrohn),Johannes Sjölund (wulax),bluecarrot16,JaidynReiman","OGA-BY 3.0,CC-BY-SA 3.0,GPL 3.0","https://opengameart.org/content/lpc-medieval-fantasy-character-sprites,http://opengameart.org/content/lpc-clothing-updates","adapted to female base by makrohn, adapted to v3 bases by bluecarrot16, climb/jump/sit/emote/run/revised combat by JaidynReiman"
shoulders/pauldrons/thin/slash.png,"Matthew Krohn (makrohn),Johannes Sjölund (wulax),bluecarrot16,JaidynReiman","OGA-BY 3.0,CC-BY-SA 3.0,GPL 3.0","https://opengameart.org/content/lpc-medieval-fantasy-character-sprites,http://opengameart.org/content/lpc-clothing-updates","adapted to female base by makrohn, adapted to v3 bases by bluecarrot16, climb/jump/sit/emote/run/revised combat by JaidynReiman"
shoulders/pauldrons/male/shoot.png,"Matthew Krohn (makrohn),Johannes Sjölund (wulax),bluecarrot16,JaidynReiman","OGA-BY 3.0,CC-BY-SA 3.0,GPL 3.0","https://opengameart.org/content/lpc-medieval-fantasy-character-sprites,http://opengameart.org/content/lpc-clothing-updates","adapted to female base by makrohn, adapted to v3 bases by bluecarrot16, climb/jump/sit/emote/run/revised combat by JaidynReiman"
shoulders/pauldrons/thin/shoot.png,"Matthew Krohn (makrohn),Johannes Sjölund (wulax),bluecarrot16,JaidynReiman","OGA-BY 3.0,CC-BY-SA 3.0,GPL 3.0","https://opengameart.org/content/lpc-medieval-fantasy-character-sprites,http://opengameart.org/content/lpc-clothing-updates","adapted to female base by makrohn, adapted to v3 bases by bluecarrot16, climb/jump/sit/emote/run/revised combat by JaidynReiman"
shoulders/pauldrons/male/hurt.png,"Matthew Krohn (makrohn),Johannes Sjölund (wulax),bluecarrot16,JaidynReiman","OGA-BY 3.0,CC-BY-SA 3.0,GPL 3.0","https://opengameart.org/content/lpc-medieval-fantasy-character-sprites,http://opengameart.org/content/lpc-clothing-updates","adapted to female base by makrohn, adapted to v3 bases by bluecarrot16, climb/jump/sit/emote/run/revised combat by JaidynReiman"
shoulders/pauldrons/thin/hurt.png,"Matthew Krohn (makrohn),Johannes Sjölund (wulax),bluecarrot16,JaidynReiman","OGA-BY 3.0,CC-BY-SA 3.0,GPL 3.0","https://opengameart.org/content/lpc-medieval-fantasy-character-sprites,http://opengameart.org/content/lpc-clothing-updates","adapted to female base by makrohn, adapted to v3 bases by bluecarrot16, climb/jump/sit/emote/run/revised combat by JaidynReiman"
torso/chainmail/male/spellcast.png,"Johannes Sjölund (wulax),Napsio (Vitruvian Studio),JaidynReiman","OGA-BY 3.0,CC-BY-SA 3.0,GPL 3.0",https://opengameart.org/content/lpc-medieval-fantasy-character-sprites,"minor edits by bluecarrot16, reduced colors by Napsio, adjusted Male colors and Idle/Sit/Emote/Climb/Run by JaidynReiman"
torso/chainmail/female/spellcast.png,"Johannes Sjölund (wulax),Napsio (Vitruvian Studio),JaidynReiman","OGA-BY 3.0,CC-BY-SA 3.0,GPL 3.0",https://opengameart.org/content/lpc-medieval-fantasy-character-sprites,"minor edits by bluecarrot16, reduced colors by Napsio, adjusted Male colors and Idle/Sit/Emote/Climb/Run by JaidynReiman"
torso/chainmail/male/thrust.png,"Johannes Sjölund (wulax),Napsio (Vitruvian Studio),JaidynReiman","OGA-BY 3.0,CC-BY-SA 3.0,GPL 3.0",https://opengameart.org/content/lpc-medieval-fantasy-character-sprites,"minor edits by bluecarrot16, reduced colors by Napsio, adjusted Male colors and Idle/Sit/Emote/Climb/Run by JaidynReiman"
torso/chainmail/female/thrust.png,"Johannes Sjölund (wulax),Napsio (Vitruvian Studio),JaidynReiman","OGA-BY 3.0,CC-BY-SA 3.0,GPL 3.0",https://opengameart.org/content/lpc-medieval-fantasy-character-sprites,"minor edits by bluecarrot16, reduced colors by Napsio, adjusted Male colors and Idle/Sit/Emote/Climb/Run by JaidynReiman"
torso/chainmail/male/walk.png,"Johannes Sjölund (wulax),Napsio (Vitruvian Studio),JaidynReiman","OGA-BY 3.0,CC-BY-SA 3.0,GPL 3.0",https://opengameart.org/content/lpc-medieval-fantasy-character-sprites,"minor edits by bluecarrot16, reduced colors by Napsio, adjusted Male colors and Idle/Sit/Emote/Climb/Run by JaidynReiman"
torso/chainmail/female/walk.png,"Johannes Sjölund (wulax),Napsio (Vitruvian Studio),JaidynReiman","OGA-BY 3.0,CC-BY-SA 3.0,GPL 3.0",https://opengameart.org/content/lpc-medieval-fantasy-character-sprites,"minor edits by bluecarrot16, reduced colors by Napsio, adjusted Male colors and Idle/Sit/Emote/Climb/Run by JaidynReiman"
torso/chainmail/male/slash.png,"Johannes Sjölund (wulax),Napsio (Vitruvian Studio),JaidynReiman","OGA-BY 3.0,CC-BY-SA 3.0,GPL 3.0",https://opengameart.org/content/lpc-medieval-fantasy-character-sprites,"minor edits by bluecarrot16, reduced colors by Napsio, adjusted Male colors and Idle/Sit/Emote/Climb/Run by JaidynReiman"
torso/chainmail/female/slash.png,"Johannes Sjölund (wulax),Napsio (Vitruvian Studio),JaidynReiman","OGA-BY 3.0,CC-BY-SA 3.0,GPL 3.0",https://opengameart.org/content/lpc-medieval-fantasy-character-sprites,"minor edits by bluecarrot16, reduced colors by Napsio, adjusted Male colors and Idle/Sit/Emote/Climb/Run by JaidynReiman"
torso/chainmail/male/shoot.png,"Johannes Sjölund (wulax),Napsio (Vitruvian Studio),JaidynReiman","OGA-BY 3.0,CC-BY-SA 3.0,GPL 3.0",https://opengameart.org/content/lpc-medieval-fantasy-character-sprites,"minor edits by bluecarrot16, reduced colors by Napsio, adjusted Male colors and Idle/Sit/Emote/Climb/Run by JaidynReiman"
torso/chainmail/female/shoot.png,"Johannes Sjölund (wulax),Napsio (Vitruvian Studio),JaidynReiman","OGA-BY 3.0,CC-BY-SA 3.0,GPL 3.0",https://opengameart.org/content/lpc-medieval-fantasy-character-sprites,"minor edits by bluecarrot16, reduced colors by Napsio, adjusted Male colors and Idle/Sit/Emote/Climb/Run by JaidynReiman"
torso/chainmail/male/hurt.png,"Johannes Sjölund (wulax),Napsio (Vitruvian Studio),JaidynReiman","OGA-BY 3.0,CC-BY-SA 3.0,GPL 3.0",https://opengameart.org/content/lpc-medieval-fantasy-character-sprites,"minor edits by bluecarrot16, reduced colors by Napsio, adjusted Male colors and Idle/Sit/Emote/Climb/Run by JaidynReiman"
torso/chainmail/female/hurt.png,"Johannes Sjölund (wulax),Napsio (Vitruvian Studio),JaidynReiman","OGA-BY 3.0,CC-BY-SA 3.0,GPL 3.0",https://opengameart.org/content/lpc-medieval-fantasy-character-sprites,"minor edits by bluecarrot16, reduced colors by Napsio, adjusted Male colors and Idle/Sit/Emote/Climb/Run by JaidynReiman"
torso/clothes/longsleeve/longsleeve/male/spellcast.png,"JaidynReiman,Johannes Sjölund (wulax)","OGA-BY 3.0,CC-BY-SA 3.0,GPL 3.0","https://opengameart.org/content/lpc-medieval-fantasy-character-sprites,http://opengameart.org/content/lpc-clothing-updates,https://opengameart.org/content/lpc-revised-character-basics,https://github.com/ElizaWy/LPC/tree/main/Characters/Clothing,https://opengameart.org/content/lpc-expanded-sit-run-jump-more,https://opengameart.org/content/lpc-expanded-simple-shirts",original by wulax; tweaks and further recolors by bluecarrot16; cleanup and climb/jump/run/sit/emote/revised combat adapted from LPC Revised by JaidynReiman
torso/clothes/longsleeve/longsleeve/female/spellcast.png,"bluecarrot16,ElizaWy,JaidynReiman,Stephen Challener (Redshrike)","OGA-BY 3.0,CC-BY-SA 3.0,GPL 3.0","https://opengameart.org/content/liberated-pixel-cup-lpc-base-assets-sprites-map-tiles,https://opengameart.org/content/lpc-7-womens-shirts,http://opengameart.org/content/lpc-clothing-updates,https://opengameart.org/content/lpc-revised-character-basics,https://github.com/ElizaWy/LPC/tree/main/Characters/Clothing,https://opengameart.org/content/lpc-expanded-sit-run-jump-more,https://opengameart.org/content/lpc-expanded-simple-shirts","original by ElizaWy, edited to v3 bases by bluecarrot16; cleanup and climb/jump/run/sit/emote/revised combat adapted from LPC Revised by JaidynReiman"
torso/clothes/longsleeve/longsleeve/male/thrust.png,"JaidynReiman,Johannes Sjölund (wulax)","OGA-BY 3.0,CC-BY-SA 3.0,GPL 3.0","https://opengameart.org/content/lpc-medieval-fantasy-character-sprites,http://opengameart.org/content/lpc-clothing-updates,https://opengameart.org/content/lpc-revised-character-basics,https://github.com/ElizaWy/LPC/tree/main/Characters/Clothing,https://opengameart.org/content/lpc-expanded-sit-run-jump-more,https://opengameart.org/content/lpc-expanded-simple-shirts",original by wulax; tweaks and further recolors by bluecarrot16; cleanup and climb/jump/run/sit/emote/revised combat adapted from LPC Revised by JaidynReiman
torso/clothes/longsleeve/longsleeve/female/thrust.png,"bluecarrot16,ElizaWy,JaidynReiman,Stephen Challener (Redshrike)","OGA-BY 3.0,CC-BY-SA 3.0,GPL 3.0","https://opengameart.org/content/liberated-pixel-cup-lpc-base-assets-sprites-map-tiles,https://opengameart.org/content/lpc-7-womens-shirts,http://opengameart.org/content/lpc-clothing-updates,https://opengameart.org/content/lpc-revised-character-basics,https://github.com/ElizaWy/LPC/tree/main/Characters/Clothing,https://opengameart.org/content/lpc-expanded-sit-run-jump-more,https://opengameart.org/content/lpc-expanded-simple-shirts","original by ElizaWy, edited to v3 bases by bluecarrot16; cleanup and climb/jump/run/sit/emote/revised combat adapted from LPC Revised by JaidynReiman"
torso/clothes/longsleeve/longsleeve/male/walk.png,"JaidynReiman,Johannes Sjölund (wulax)","OGA-BY 3.0,CC-BY-SA 3.0,GPL 3.0","https://opengameart.org/content/lpc-medieval-fantasy-character-sprites,http://opengameart.org/content/lpc-clothing-updates,https://opengameart.org/content/lpc-revised-character-basics,https://github.com/ElizaWy/LPC/tree/main/Characters/Clothing,https://opengameart.org/content/lpc-expanded-sit-run-jump-more,https://opengameart.org/content/lpc-expanded-simple-shirts",original by wulax; tweaks and further recolors by bluecarrot16; cleanup and climb/jump/run/sit/emote/revised combat adapted from LPC Revised by JaidynReiman
torso/clothes/longsleeve/longsleeve/female/walk.png,"bluecarrot16,ElizaWy,JaidynReiman,Stephen Challener (Redshrike)","OGA-BY 3.0,CC-BY-SA 3.0,GPL 3.0","https://opengameart.org/content/liberated-pixel-cup-lpc-base-assets-sprites-map-tiles,https://opengameart.org/content/lpc-7-womens-shirts,http://opengameart.org/content/lpc-clothing-updates,https://opengameart.org/content/lpc-revised-character-basics,https://github.com/ElizaWy/LPC/tree/main/Characters/Clothing,https://opengameart.org/content/lpc-expanded-sit-run-jump-more,https://opengameart.org/content/lpc-expanded-simple-shirts","original by ElizaWy, edited to v3 bases by bluecarrot16; cleanup and climb/jump/run/sit/emote/revised combat adapted from LPC Revised by JaidynReiman"
torso/clothes/longsleeve/longsleeve/male/slash.png,"JaidynReiman,Johannes Sjölund (wulax)","OGA-BY 3.0,CC-BY-SA 3.0,GPL 3.0","https://opengameart.org/content/lpc-medieval-fantasy-character-sprites,http://opengameart.org/content/lpc-clothing-updates,https://opengameart.org/content/lpc-revised-character-basics,https://github.com/ElizaWy/LPC/tree/main/Characters/Clothing,https://opengameart.org/content/lpc-expanded-sit-run-jump-more,https://opengameart.org/content/lpc-expanded-simple-shirts",original by wulax; tweaks and further recolors by bluecarrot16; cleanup and climb/jump/run/sit/emote/revised combat adapted from LPC Revised by JaidynReiman
torso/clothes/longsleeve/longsleeve/female/slash.png,"bluecarrot16,ElizaWy,JaidynReiman,Stephen Challener (Redshrike)","OGA-BY 3.0,CC-BY-SA 3.0,GPL 3.0","https://opengameart.org/content/liberated-pixel-cup-lpc-base-assets-sprites-map-tiles,https://opengameart.org/content/lpc-7-womens-shirts,http://opengameart.org/content/lpc-clothing-updates,https://opengameart.org/content/lpc-revised-character-basics,https://github.com/ElizaWy/LPC/tree/main/Characters/Clothing,https://opengameart.org/content/lpc-expanded-sit-run-jump-more,https://opengameart.org/content/lpc-expanded-simple-shirts","original by ElizaWy, edited to v3 bases by bluecarrot16; cleanup and climb/jump/run/sit/emote/revised combat adapted from LPC Revised by JaidynReiman"
torso/clothes/longsleeve/longsleeve/male/shoot.png,"JaidynReiman,Johannes Sjölund (wulax)","OGA-BY 3.0,CC-BY-SA 3.0,GPL 3.0","https://opengameart.org/content/lpc-medieval-fantasy-character-sprites,http://opengameart.org/content/lpc-clothing-updates,https://opengameart.org/content/lpc-revised-character-basics,https://github.com/ElizaWy/LPC/tree/main/Characters/Clothing,https://opengameart.org/content/lpc-expanded-sit-run-jump-more,https://opengameart.org/content/lpc-expanded-simple-shirts",original by wulax; tweaks and further recolors by bluecarrot16; cleanup and climb/jump/run/sit/emote/revised combat adapted from LPC Revised by JaidynReiman
torso/clothes/longsleeve/longsleeve/female/shoot.png,"bluecarrot16,ElizaWy,JaidynReiman,Stephen Challener (Redshrike)","OGA-BY 3.0,CC-BY-SA 3.0,GPL 3.0","https://opengameart.org/content/liberated-pixel-cup-lpc-base-assets-sprites-map-tiles,https://opengameart.org/content/lpc-7-womens-shirts,http://opengameart.org/content/lpc-clothing-updates,https://opengameart.org/content/lpc-revised-character-basics,https://github.com/ElizaWy/LPC/tree/main/Characters/Clothing,https://opengameart.org/content/lpc-expanded-sit-run-jump-more,https://opengameart.org/content/lpc-expanded-simple-shirts","original by ElizaWy, edited to v3 bases by bluecarrot16; cleanup and climb/jump/run/sit/emote/revised combat adapted from LPC Revised by JaidynReiman"
torso/clothes/longsleeve/longsleeve/male/hurt.png,"JaidynReiman,Johannes Sjölund (wulax)","OGA-BY 3.0,CC-BY-SA 3.0,GPL 3.0","https://opengameart.org/content/lpc-medieval-fantasy-character-sprites,http://opengameart.org/content/lpc-clothing-updates,https://opengameart.org/content/lpc-revised-character-basics,https://github.com/ElizaWy/LPC/tree/main/Characters/Clothing,https://opengameart.org/content/lpc-expanded-sit-run-jump-more,https://opengameart.org/content/lpc-expanded-simple-shirts",original by wulax; tweaks and further recolors by bluecarrot16; cleanup and climb/jump/run/sit/emote/revised combat adapted from LPC Revised by JaidynReiman
torso/clothes/longsleeve/longsleeve/female/hurt.png,"bluecarrot16,ElizaWy,JaidynReiman,Stephen Challener (Redshrike)","OGA-BY 3.0,CC-BY-SA 3.0,GPL 3.0","https://opengameart.org/content/liberated-pixel-cup-lpc-base-assets-sprites-map-tiles,https://opengameart.org/content/lpc-7-womens-shirts,http://opengameart.org/content/lpc-clothing-updates,https://opengameart.org/content/lpc-revised-character-basics,https://github.com/ElizaWy/LPC/tree/main/Characters/Clothing,https://opengameart.org/content/lpc-expanded-sit-run-jump-more,https://opengameart.org/content/lpc-expanded-simple-shirts","original by ElizaWy, edited to v3 bases by bluecarrot16; cleanup and climb/jump/run/sit/emote/revised combat adapted from LPC Revised by JaidynReiman"
torso/clothes/longsleeve/longsleeve/male/idle.png,"JaidynReiman,Johannes Sjölund (wulax)","OGA-BY 3.0,CC-BY-SA 3.0,GPL 3.0","https://opengameart.org/content/lpc-medieval-fantasy-character-sprites,http://opengameart.org/content/lpc-clothing-updates,https://opengameart.org/content/lpc-revised-character-basics,https://github.com/ElizaWy/LPC/tree/main/Characters/Clothing,https://opengameart.org/content/lpc-expanded-sit-run-jump-more,https://opengameart.org/content/lpc-expanded-simple-shirts",original by wulax; tweaks and further recolors by bluecarrot16; cleanup and climb/jump/run/sit/emote/revised combat adapted from LPC Revised by JaidynReiman
torso/clothes/longsleeve/longsleeve/female/idle.png,"bluecarrot16,ElizaWy,JaidynReiman,Stephen Challener (Redshrike)","OGA-BY 3.0,CC-BY-SA 3.0,GPL 3.0","https://opengameart.org/content/liberated-pixel-cup-lpc-base-assets-sprites-map-tiles,https://opengameart.org/content/lpc-7-womens-shirts,http://opengameart.org/content/lpc-clothing-updates,https://opengameart.org/content/lpc-revised-character-basics,https://github.com/ElizaWy/LPC/tree/main/Characters/Clothing,https://opengameart.org/content/lpc-expanded-sit-run-jump-more,https://opengameart.org/content/lpc-expanded-simple-shirts","original by ElizaWy, edited to v3 bases by bluecarrot16; cleanup and climb/jump/run/sit/emote/revised combat adapted from LPC Revised by JaidynReiman"
torso/clothes/longsleeve/longsleeve2/male/spellcast.png,"ElizaWy,JaidynReiman,Stephen Challener (Redshrike),Johannes Sjölund (wulax)",OGA-BY 3.0,"https://opengameart.org/content/lpc-revised-character-basics,https://github.com/ElizaWy/LPC/tree/main/Characters/Clothing,https://opengameart.org/content/lpc-expanded-sit-run-jump-more,https://opengameart.org/content/lpc-expanded-simple-shirts",original by ElizaWy; spellcast/thrust/shoot/hurt/male adapted from original by JaidynReiman
torso/clothes/longsleeve/longsleeve2/male/thrust.png,"ElizaWy,JaidynReiman,Stephen Challener (Redshrike),Johannes Sjölund (wulax)",OGA-BY 3.0,"https://opengameart.org/content/lpc-revised-character-basics,https://github.com/ElizaWy/LPC/tree/main/Characters/Clothing,https://opengameart.org/content/lpc-expanded-sit-run-jump-more,https://opengameart.org/content/lpc-expanded-simple-shirts",original by ElizaWy; spellcast/thrust/shoot/hurt/male adapted from original by JaidynReiman
torso/clothes/longsleeve/longsleeve2/male/walk.png,"ElizaWy,JaidynReiman,Stephen Challener (Redshrike),Johannes Sjölund (wulax)",OGA-BY 3.0,"https://opengameart.org/content/lpc-revised-character-basics,https://github.com/ElizaWy/LPC/tree/main/Characters/Clothing,https://opengameart.org/content/lpc-expanded-sit-run-jump-more,https://opengameart.org/content/lpc-expanded-simple-shirts",original by ElizaWy; spellcast/thrust/shoot/hurt/male adapted from original by JaidynReiman
torso/clothes/longsleeve/longsleeve2/male/slash.png,"ElizaWy,JaidynReiman,Stephen Challener (Redshrike),Johannes Sjölund (wulax)",OGA-BY 3.0,"https://opengameart.org/content/lpc-revised-character-basics,https://github.com/ElizaWy/LPC/tree/main/Characters/Clothing,https://opengameart.org/content/lpc-expanded-sit-run-jump-more,https://opengameart.org/content/lpc-expanded-simple-shirts",original by ElizaWy; spellcast/thrust/shoot/hurt/male adapted from original by JaidynReiman
torso/clothes/longsleeve/longsleeve2/male/shoot.png,"ElizaWy,JaidynReiman,Stephen Challener (Redshrike),Johannes Sjölund (wulax)",OGA-BY 3.0,"https://opengameart.org/content/lpc-revised-character-basics,https://github.com/ElizaWy/LPC/tree/main/Characters/Clothing,https://opengameart.org/content/lpc-expanded-sit-run-jump-more,https://opengameart.org/content/lpc-expanded-simple-shirts",original by ElizaWy; spellcast/thrust/shoot/hurt/male adapted from original by JaidynReiman
torso/clothes/longsleeve/longsleeve2/male/hurt.png,"ElizaWy,JaidynReiman,Stephen Challener (Redshrike),Johannes Sjölund (wulax)",OGA-BY 3.0,"https://opengameart.org/content/lpc-revised-character-basics,https://github.com/ElizaWy/LPC/tree/main/Characters/Clothing,https://opengameart.org/content/lpc-expanded-sit-run-jump-more,https://opengameart.org/content/lpc-expanded-simple-shirts",original by ElizaWy; spellcast/thrust/shoot/hurt/male adapted from original by JaidynReiman
torso/clothes/shortsleeve/shortsleeve/male/spellcast.png,"bluecarrot16,ElizaWy,JaidynReiman,Stephen Challener (Redshrike)","OGA-BY 3.0,CC-BY-SA 3.0,GPL 3.0","https://opengameart.org/content/liberated-pixel-cup-lpc-base-assets-sprites-map-tiles,http://opengameart.org/content/lpc-revised-character-basics,http://opengameart.org/content/lpc-clothing-updates,https://github.com/ElizaWy/LPC/tree/main/Characters/Clothing,https://opengameart.org/content/lpc-expanded-sit-run-jump-more,https://opengameart.org/content/lpc-expanded-simple-shirts","original by ElizaWy walkcycle only; extended to all animations by adapting from longsleeve, edited to v3 bases by bluecarrot16; cleanup and climb/jump/run/sit/emote/revised combat adapted from LPC Revised by JaidynReiman"
torso/clothes/shortsleeve/shortsleeve/female/spellcast.png,"bluecarrot16,ElizaWy,JaidynReiman,Stephen Challener (Redshrike)","OGA-BY 3.0,CC-BY-SA 3.0,GPL 3.0","https://opengameart.org/content/liberated-pixel-cup-lpc-base-assets-sprites-map-tiles,https://opengameart.org/content/lpc-7-womens-shirts,http://opengameart.org/content/lpc-revised-character-basics,http://opengameart.org/content/lpc-clothing-updates,https://github.com/ElizaWy/LPC/tree/main/Characters/Clothing,https://opengameart.org/content/lpc-expanded-sit-run-jump-more,https://opengameart.org/content/lpc-expanded-simple-shirts","original by ElizaWy walkcycle only; extended to all animations by adapting from longsleeve, edited to v3 bases by bluecarrot16; cleanup and climb/jump/run/sit/emote/revised combat adapted from LPC Revised by JaidynReiman"
torso/clothes/shortsleeve/shortsleeve/male/thrust.png,"bluecarrot16,ElizaWy,JaidynReiman,Stephen Challener (Redshrike)","OGA-BY 3.0,CC-BY-SA 3.0,GPL 3.0","https://opengameart.org/content/liberated-pixel-cup-lpc-base-assets-sprites-map-tiles,http://opengameart.org/content/lpc-revised-character-basics,http://opengameart.org/content/lpc-clothing-updates,https://github.com/ElizaWy/LPC/tree/main/Characters/Clothing,https://opengameart.org/content/lpc-expanded-sit-run-jump-more,https://opengameart.org/content/lpc-expanded-simple-shirts","original by ElizaWy walkcycle only; extended to all animations by adapting from longsleeve, edited to v3 bases by bluecarrot16; cleanup and climb/jump/run/sit/emote/revised combat adapted from LPC Revised by JaidynReiman"
torso/clothes/shortsleeve/shortsleeve/female/thrust.png,"bluecarrot16,ElizaWy,JaidynReiman,Stephen Challener (Redshrike)","OGA-BY 3.0,CC-BY-SA 3.0,GPL 3.0","https://opengameart.org/content/liberated-pixel-cup-lpc-base-assets-sprites-map-tiles,https://opengameart.org/content/lpc-7-womens-shirts,http://opengameart.org/content/lpc-revised-character-basics,http://opengameart.org/content/lpc-clothing-updates,https://github.com/ElizaWy/LPC/tree/main/Characters/Clothing,https://opengameart.org/content/lpc-expanded-sit-run-jump-more,https://opengameart.org/content/lpc-expanded-simple-shirts","original by ElizaWy walkcycle only; extended to all animations by adapting from longsleeve, edited to v3 bases by bluecarrot16; cleanup and climb/jump/run/sit/emote/revised combat adapted from LPC Revised by JaidynReiman"
torso/clothes/shortsleeve/shortsleeve/male/walk.png,"bluecarrot16,ElizaWy,JaidynReiman,Stephen Challener (Redshrike)","OGA-BY 3.0,CC-BY-SA 3.0,GPL 3.0","https://opengameart.org/content/liberated-pixel-cup-lpc-base-assets-sprites-map-tiles,http://opengameart.org/content/lpc-revised-character-basics,http://opengameart.org/content/lpc-clothing-updates,https://github.com/ElizaWy/LPC/tree/main/Characters/Clothing,https://opengameart.org/content/lpc-expanded-sit-run-jump-more,https://opengameart.org/content/lpc-expanded-simple-shirts","original by ElizaWy walkcycle only; extended to all animations by adapting from longsleeve, edited to v3 bases by bluecarrot16; cleanup and climb/jump/run/sit/emote/revised combat adapted from LPC Revised by JaidynReiman"
torso/clothes/shortsleeve/shortsleeve/female/walk.png,"bluecarrot16,ElizaWy,JaidynReiman,Stephen Challener (Redshrike)","OGA-BY 3.0,CC-BY-SA 3.0,GPL 3.0","https://opengameart.org/content/liberated-pixel-cup-lpc-base-assets-sprites-map-tiles,https://opengameart.org/content/lpc-7-womens-shirts,http://opengameart.org/content/lpc-revised-character-basics,http://opengameart.org/content/lpc-clothing-updates,https://github.com/ElizaWy/LPC/tree/main/Characters/Clothing,https://opengameart.org/content/lpc-expanded-sit-run-jump-more,https://opengameart.org/content/lpc-expanded-simple-shirts","original by ElizaWy walkcycle only; extended to all animations by adapting from longsleeve, edited to v3 bases by bluecarrot16; cleanup and climb/jump/run/sit/emote/revised combat adapted from LPC Revised by JaidynReiman"
torso/clothes/shortsleeve/shortsleeve/male/slash.png,"bluecarrot16,ElizaWy,JaidynReiman,Stephen Challener (Redshrike)","OGA-BY 3.0,CC-BY-SA 3.0,GPL 3.0","https://opengameart.org/content/liberated-pixel-cup-lpc-base-assets-sprites-map-tiles,http://opengameart.org/content/lpc-revised-character-basics,http://opengameart.org/content/lpc-clothing-updates,https://github.com/ElizaWy/LPC/tree/main/Characters/Clothing,https://opengameart.org/content/lpc-expanded-sit-run-jump-more,https://opengameart.org/content/lpc-expanded-simple-shirts","original by ElizaWy walkcycle only; extended to all animations by adapting from longsleeve, edited to v3 bases by bluecarrot16; cleanup and climb/jump/run/sit/emote/revised combat adapted from LPC Revised by JaidynReiman"
torso/clothes/shortsleeve/shortsleeve/female/slash.png,"bluecarrot16,ElizaWy,JaidynReiman,Stephen Challener (Redshrike)","OGA-BY 3.0,CC-BY-SA 3.0,GPL 3.0","https://opengameart.org/content/liberated-pixel-cup-lpc-base-assets-sprites-map-tiles,https://opengameart.org/content/lpc-7-womens-shirts,http://opengameart.org/content/lpc-revised-character-basics,http://opengameart.org/content/lpc-clothing-updates,https://github.com/ElizaWy/LPC/tree/main/Characters/Clothing,https://opengameart.org/content/lpc-expanded-sit-run-jump-more,https://opengameart.org/content/lpc-expanded-simple-shirts","original by ElizaWy walkcycle only; extended to all animations by adapting from longsleeve, edited to v3 bases by bluecarrot16; cleanup and climb/jump/run/sit/emote/revised combat adapted from LPC Revised by JaidynReiman"
torso/clothes/shortsleeve/shortsleeve/male/shoot.png,"bluecarrot16,ElizaWy,JaidynReiman,Stephen Challener (Redshrike)","OGA-BY 3.0,CC-BY-SA 3.0,GPL 3.0","https://opengameart.org/content/liberated-pixel-cup-lpc-base-assets-sprites-map-tiles,http://opengameart.org/content/lpc-revised-character-basics,http://opengameart.org/content/lpc-clothing-updates,https://github.com/ElizaWy/LPC/tree/main/Characters/Clothing,https://opengameart.org/content/lpc-expanded-sit-run-jump-more,https://opengameart.org/content/lpc-expanded-simple-shirts","original by ElizaWy walkcycle only; extended to all animations by adapting from longsleeve, edited to v3 bases by bluecarrot16; cleanup and climb/jump/run/sit/emote/revised combat adapted from LPC Revised by JaidynReiman"
torso/clothes/shortsleeve/shortsleeve/female/shoot.png,"bluecarrot16,ElizaWy,JaidynReiman,Stephen Challener (Redshrike)","OGA-BY 3.0,CC-BY-SA 3.0,GPL 3.0","https://opengameart.org/content/liberated-pixel-cup-lpc-base-assets-sprites-map-tiles,https://opengameart.org/content/lpc-7-womens-shirts,http://opengameart.org/content/lpc-revised-character-basics,http://opengameart.org/content/lpc-clothing-updates,https://github.com/ElizaWy/LPC/tree/main/Characters/Clothing,https://opengameart.org/content/lpc-expanded-sit-run-jump-more,https://opengameart.org/content/lpc-expanded-simple-shirts","original by ElizaWy walkcycle only; extended to all animations by adapting from longsleeve, edited to v3 bases by bluecarrot16; cleanup and climb/jump/run/sit/emote/revised combat adapted from LPC Revised by JaidynReiman"
torso/clothes/shortsleeve/shortsleeve/male/hurt.png,"bluecarrot16,ElizaWy,JaidynReiman,Stephen Challener (Redshrike)","OGA-BY 3.0,CC-BY-SA 3.0,GPL 3.0","https://opengameart.org/content/liberated-pixel-cup-lpc-base-assets-sprites-map-tiles,http://opengameart.org/content/lpc-revised-character-basics,http://opengameart.org/content/lpc-clothing-updates,https://github.com/ElizaWy/LPC/tree/main/Characters/Clothing,https://opengameart.org/content/lpc-expanded-sit-run-jump-more,https://opengameart.org/content/lpc-expanded-simple-shirts","original by ElizaWy walkcycle only; extended to all animations by adapting from longsleeve, edited to v3 bases by bluecarrot16; cleanup and climb/jump/run/sit/emote/revised combat adapted from LPC Revised by JaidynReiman"
torso/clothes/shortsleeve/shortsleeve/female/hurt.png,"bluecarrot16,ElizaWy,JaidynReiman,Stephen Challener (Redshrike)","OGA-BY 3.0,CC-BY-SA 3.0,GPL 3.0","https://opengameart.org/content/liberated-pixel-cup-lpc-base-assets-sprites-map-tiles,https://opengameart.org/content/lpc-7-womens-shirts,http://opengameart.org/content/lpc-revised-character-basics,http://opengameart.org/content/lpc-clothing-updates,https://github.com/ElizaWy/LPC/tree/main/Characters/Clothing,https://opengameart.org/content/lpc-expanded-sit-run-jump-more,https://opengameart.org/content/lpc-expanded-simple-shirts","original by ElizaWy walkcycle only; extended to all animations by adapting from longsleeve, edited to v3 bases by bluecarrot16; cleanup and climb/jump/run/sit/emote/revised combat adapted from LPC Revised by JaidynReiman"
torso/clothes/sleeveless/sleeveless2/male/spellcast.png,"ElizaWy,JaidynReiman,Stephen Challener (Redshrike),Johannes Sjölund (wulax)",OGA-BY 3.0,"http://opengameart.org/content/lpc-revised-character-basics,https://github.com/ElizaWy/LPC/tree/main/Characters/Clothing,https://opengameart.org/content/lpc-expanded-sit-run-jump-more,https://opengameart.org/content/lpc-expanded-simple-shirts",original by ElizaWy; sleeveless adapted from original by JaidynReiman
torso/clothes/sleeveless/sleeveless2/female/spellcast.png,"ElizaWy,JaidynReiman,Stephen Challener (Redshrike),Johannes Sjölund (wulax)",OGA-BY 3.0,"http://opengameart.org/content/lpc-revised-character-basics,https://github.com/ElizaWy/LPC/tree/main/Characters/Clothing,https://opengameart.org/content/lpc-expanded-sit-run-jump-more,https://opengameart.org/content/lpc-expanded-simple-shirts",original by ElizaWy; sleeveless adapted from original by JaidynReiman
torso/clothes/sleeveless/sleeveless2/male/thrust.png,"ElizaWy,JaidynReiman,Stephen Challener (Redshrike),Johannes Sjölund (wulax)",OGA-BY 3.0,"http://opengameart.org/content/lpc-revised-character-basics,https://github.com/ElizaWy/LPC/tree/main/Characters/Clothing,https://opengameart.org/content/lpc-expanded-sit-run-jump-more,https://opengameart.org/content/lpc-expanded-simple-shirts",original by ElizaWy; sleeveless adapted from original by JaidynReiman
torso/clothes/sleeveless/sleeveless2/female/thrust.png,"ElizaWy,JaidynReiman,Stephen Challener (Redshrike),Johannes Sjölund (wulax)",OGA-BY 3.0,"http://opengameart.org/content/lpc-revised-character-basics,https://github.com/ElizaWy/LPC/tree/main/Characters/Clothing,https://opengameart.org/content/lpc-expanded-sit-run-jump-more,https://opengameart.org/content/lpc-expanded-simple-shirts",original by ElizaWy; sleeveless adapted from original by JaidynReiman
torso/clothes/sleeveless/sleeveless2/male/walk.png,"ElizaWy,JaidynReiman,Stephen Challener (Redshrike),Johannes Sjölund (wulax)",OGA-BY 3.0,"http://opengameart.org/content/lpc-revised-character-basics,https://github.com/ElizaWy/LPC/tree/main/Characters/Clothing,https://opengameart.org/content/lpc-expanded-sit-run-jump-more,https://opengameart.org/content/lpc-expanded-simple-shirts",original by ElizaWy; sleeveless adapted from original by JaidynReiman
torso/clothes/sleeveless/sleeveless2/female/walk.png,"ElizaWy,JaidynReiman,Stephen Challener (Redshrike),Johannes Sjölund (wulax)",OGA-BY 3.0,"http://opengameart.org/content/lpc-revised-character-basics,https://github.com/ElizaWy/LPC/tree/main/Characters/Clothing,https://opengameart.org/content/lpc-expanded-sit-run-jump-more,https://opengameart.org/content/lpc-expanded-simple-shirts",original by ElizaWy; sleeveless adapted from original by JaidynReiman
torso/clothes/sleeveless/sleeveless2/male/slash.png,"ElizaWy,JaidynReiman,Stephen Challener (Redshrike),Johannes Sjölund (wulax)",OGA-BY 3.0,"http://opengameart.org/content/lpc-revised-character-basics,https://github.com/ElizaWy/LPC/tree/main/Characters/Clothing,https://opengameart.org/content/lpc-expanded-sit-run-jump-more,https://opengameart.org/content/lpc-expanded-simple-shirts",original by ElizaWy; sleeveless adapted from original by JaidynReiman
torso/clothes/sleeveless/sleeveless2/female/slash.png,"ElizaWy,JaidynReiman,Stephen Challener (Redshrike),Johannes Sjölund (wulax)",OGA-BY 3.0,"http://opengameart.org/content/lpc-revised-character-basics,https://github.com/ElizaWy/LPC/tree/main/Characters/Clothing,https://opengameart.org/content/lpc-expanded-sit-run-jump-more,https://opengameart.org/content/lpc-expanded-simple-shirts",original by ElizaWy; sleeveless adapted from original by JaidynReiman
torso/clothes/sleeveless/sleeveless2/male/shoot.png,"ElizaWy,JaidynReiman,Stephen Challener (Redshrike),Johannes Sjölund (wulax)",OGA-BY 3.0,"http://opengameart.org/content/lpc-revised-character-basics,https://github.com/ElizaWy/LPC/tree/main/Characters/Clothing,https://opengameart.org/content/lpc-expanded-sit-run-jump-more,https://opengameart.org/content/lpc-expanded-simple-shirts",original by ElizaWy; sleeveless adapted from original by JaidynReiman
torso/clothes/sleeveless/sleeveless2/female/shoot.png,"ElizaWy,JaidynReiman,Stephen Challener (Redshrike),Johannes Sjölund (wulax)",OGA-BY 3.0,"http://opengameart.org/content/lpc-revised-character-basics,https://github.com/ElizaWy/LPC/tree/main/Characters/Clothing,https://opengameart.org/content/lpc-expanded-sit-run-jump-more,https://opengameart.org/content/lpc-expanded-simple-shirts",original by ElizaWy; sleeveless adapted from original by JaidynReiman
torso/clothes/sleeveless/sleeveless2/male/hurt.png,"ElizaWy,JaidynReiman,Stephen Challener (Redshrike),Johannes Sjölund (wulax)",OGA-BY 3.0,"http://opengameart.org/content/lpc-revised-character-basics,https://github.com/ElizaWy/LPC/tree/main/Characters/Clothing,https://opengameart.org/content/lpc-expanded-sit-run-jump-more,https://opengameart.org/content/lpc-expanded-simple-shirts",original by ElizaWy; sleeveless adapted from original by JaidynReiman
torso/clothes/sleeveless/sleeveless2/female/hurt.png,"ElizaWy,JaidynReiman,Stephen Challener (Redshrike),Johannes Sjölund (wulax)",OGA-BY 3.0,"http://opengameart.org/content/lpc-revised-character-basics,https://github.com/ElizaWy/LPC/tree/main/Characters/Clothing,https://opengameart.org/content/lpc-expanded-sit-run-jump-more,https://opengameart.org/content/lpc-expanded-simple-shirts",original by ElizaWy; sleeveless adapted from original by JaidynReiman
torso/aprons/overalls/male/spellcast.png,"ElizaWy,bluecarrot16,JaidynReiman","OGA-BY 3.0,GPL 3.0","https://opengameart.org/content/lpc-revised-character-basics,http://opengameart.org/content/lpc-clothing-updates","original overalls by ElizaWy, extended to all animation frames, adapted from teen to male base, and edited for v3 bases by bluecarrot16; extended to combat animations by JaidynReiman"
torso/aprons/overalls/female/spellcast.png,"ElizaWy,bluecarrot16,JaidynReiman","OGA-BY 3.0,GPL 3.0","https://opengameart.org/content/lpc-revised-character-basics,http://opengameart.org/content/lpc-clothing-updates","original overalls by ElizaWy, extended to all animation frames, adapted from teen to male base, and edited for v3 bases by bluecarrot16; extended to combat animations by JaidynReiman"
torso/aprons/overalls/male/thrust.png,"ElizaWy,bluecarrot16,JaidynReiman","OGA-BY 3.0,GPL 3.0","https://opengameart.org/content/lpc-revised-character-basics,http://opengameart.org/content/lpc-clothing-updates","original overalls by ElizaWy, extended to all animation frames, adapted from teen to male base, and edited for v3 bases by bluecarrot16; extended to combat animations by JaidynReiman"
torso/aprons/overalls/female/thrust.png,"ElizaWy,bluecarrot16,JaidynReiman","OGA-BY 3.0,GPL 3.0","https://opengameart.org/content/lpc-revised-character-basics,http://opengameart.org/content/lpc-clothing-updates","original overalls by ElizaWy, extended to all animation frames, adapted from teen to male base, and edited for v3 bases by bluecarrot16; extended to combat animations by JaidynReiman"
torso/aprons/overalls/male/walk.png,"ElizaWy,bluecarrot16,JaidynReiman","OGA-BY 3.0,GPL 3.0","https://opengameart.org/content/lpc-revised-character-basics,http://opengameart.org/content/lpc-clothing-updates","original overalls by ElizaWy, extended to all animation frames, adapted from teen to male base, and edited for v3 bases by bluecarrot16; extended to combat animations by JaidynReiman"
torso/aprons/overalls/female/walk.png,"ElizaWy,bluecarrot16,JaidynReiman","OGA-BY 3.0,GPL 3.0","https://opengameart.org/content/lpc-revised-character-basics,http://opengameart.org/content/lpc-clothing-updates","original overalls by ElizaWy, extended to all animation frames, adapted from teen to male base, and edited for v3 bases by bluecarrot16; extended to combat animations by JaidynReiman"
torso/aprons/overalls/male/slash.png,"ElizaWy,bluecarrot16,JaidynReiman","OGA-BY 3.0,GPL 3.0","https://opengameart.org/content/lpc-revised-character-basics,http://opengameart.org/content/lpc-clothing-updates","original overalls by ElizaWy, extended to all animation frames, adapted from teen to male base, and edited for v3 bases by bluecarrot16; extended to combat animations by JaidynReiman"
torso/aprons/overalls/female/slash.png,"ElizaWy,bluecarrot16,JaidynReiman","OGA-BY 3.0,GPL 3.0","https://opengameart.org/content/lpc-revised-character-basics,http://opengameart.org/content/lpc-clothing-updates","original overalls by ElizaWy, extended to all animation frames, adapted from teen to male base, and edited for v3 bases by bluecarrot16; extended to combat animations by JaidynReiman"
torso/aprons/overalls/male/shoot.png,"ElizaWy,bluecarrot16,JaidynReiman","OGA-BY 3.0,GPL 3.0","https://opengameart.org/content/lpc-revised-character-basics,http://opengameart.org/content/lpc-clothing-updates","original overalls by ElizaWy, extended to all animation frames, adapted from teen to male base, and edited for v3 bases by bluecarrot16; extended to combat animations by JaidynReiman"
torso/aprons/overalls/female/shoot.png,"ElizaWy,bluecarrot16,JaidynReiman","OGA-BY 3.0,GPL 3.0","https://opengameart.org/content/lpc-revised-character-basics,http://opengameart.org/content/lpc-clothing-updates","original overalls by ElizaWy, extended to all animation frames, adapted from teen to male base, and edited for v3 bases by bluecarrot16; extended to combat animations by JaidynReiman"
torso/aprons/overalls/male/hurt.png,"ElizaWy,bluecarrot16,JaidynReiman","OGA-BY 3.0,GPL 3.0","https://opengameart.org/content/lpc-revised-character-basics,http://opengameart.org/content/lpc-clothing-updates","original overalls by ElizaWy, extended to all animation frames, adapted from teen to male base, and edited for v3 bases by bluecarrot16; extended to combat animations by JaidynReiman"
torso/aprons/overalls/female/hurt.png,"ElizaWy,bluecarrot16,JaidynReiman","OGA-BY 3.0,GPL 3.0","https://opengameart.org/content/lpc-revised-character-basics,http://opengameart.org/content/lpc-clothing-updates","original overalls by ElizaWy, extended to all animation frames, adapted from teen to male base, and edited for v3 bases by bluecarrot16; extended to combat animations by JaidynReiman"
torso/aprons/suspenders/male/spellcast.png,"ElizaWy,JaidynReiman",OGA-BY 3.0,"https://github.com/ElizaWy/LPC/tree/main/Characters/Clothing,https://opengameart.org/content/lpc-expanded-sit-run-jump-more",original by ElizaWy; spellcast/thrust/shoot/hurt/combat adapted from original by JaidynReiman
torso/aprons/suspenders/female/spellcast.png,"ElizaWy,JaidynReiman",OGA-BY 3.0,"https://github.com/ElizaWy/LPC/tree/main/Characters/Clothing,https://opengameart.org/content/lpc-expanded-sit-run-jump-more",original by ElizaWy; spellcast/thrust/shoot/hurt/combat adapted from original by JaidynReiman
torso/aprons/suspenders/male/thrust.png,"ElizaWy,JaidynReiman",OGA-BY 3.0,"https://github.com/ElizaWy/LPC/tree/main/Characters/Clothing,https://opengameart.org/content/lpc-expanded-sit-run-jump-more",original by ElizaWy; spellcast/thrust/shoot/hurt/combat adapted from original by JaidynReiman
torso/aprons/suspenders/female/thrust.png,"ElizaWy,JaidynReiman",OGA-BY 3.0,"https://github.com/ElizaWy/LPC/tree/main/Characters/Clothing,https://opengameart.org/content/lpc-expanded-sit-run-jump-more",original by ElizaWy; spellcast/thrust/shoot/hurt/combat adapted from original by JaidynReiman
torso/aprons/suspenders/male/walk.png,"ElizaWy,JaidynReiman",OGA-BY 3.0,"https://github.com/ElizaWy/LPC/tree/main/Characters/Clothing,https://opengameart.org/content/lpc-expanded-sit-run-jump-more",original by ElizaWy; spellcast/thrust/shoot/hurt/combat adapted from original by JaidynReiman
torso/aprons/suspenders/female/walk.png,"ElizaWy,JaidynReiman",OGA-BY 3.0,"https://github.com/ElizaWy/LPC/tree/main/Characters/Clothing,https://opengameart.org/content/lpc-expanded-sit-run-jump-more",original by ElizaWy; spellcast/thrust/shoot/hurt/combat adapted from original by JaidynReiman
torso/aprons/suspenders/male/slash.png,"ElizaWy,JaidynReiman",OGA-BY 3.0,"https://github.com/ElizaWy/LPC/tree/main/Characters/Clothing,https://opengameart.org/content/lpc-expanded-sit-run-jump-more",original by ElizaWy; spellcast/thrust/shoot/hurt/combat adapted from original by JaidynReiman
torso/aprons/suspenders/female/slash.png,"ElizaWy,JaidynReiman",OGA-BY 3.0,"https://github.com/ElizaWy/LPC/tree/main/Characters/Clothing,https://opengameart.org/content/lpc-expanded-sit-run-jump-more",original by ElizaWy; spellcast/thrust/shoot/hurt/combat adapted from original by JaidynReiman
torso/aprons/suspenders/male/shoot.png,"ElizaWy,JaidynReiman",OGA-BY 3.0,"https://github.com/ElizaWy/LPC/tree/main/Characters/Clothing,https://opengameart.org/content/lpc-expanded-sit-run-jump-more",original by ElizaWy; spellcast/thrust/shoot/hurt/combat adapted from original by JaidynReiman
torso/aprons/suspenders/female/shoot.png,"ElizaWy,JaidynReiman",OGA-BY 3.0,"https://github.com/ElizaWy/LPC/tree/main/Characters/Clothing,https://opengameart.org/content/lpc-expanded-sit-run-jump-more",original by ElizaWy; spellcast/thrust/shoot/hurt/combat adapted from original by JaidynReiman
torso/aprons/suspenders/male/hurt.png,"ElizaWy,JaidynReiman",OGA-BY 3.0,"https://github.com/ElizaWy/LPC/tree/main/Characters/Clothing,https://opengameart.org/content/lpc-expanded-sit-run-jump-more",original by ElizaWy; spellcast/thrust/shoot/hurt/combat adapted from original by JaidynReiman
torso/aprons/suspenders/female/hurt.png,"ElizaWy,JaidynReiman",OGA-BY 3.0,"https://github.com/ElizaWy/LPC/tree/main/Characters/Clothing,https://opengameart.org/content/lpc-expanded-sit-run-jump-more",original by ElizaWy; spellcast/thrust/shoot/hurt/combat adapted from original by JaidynReiman
torso/armour/leather/male/spellcast.png,"Johannes Sjölund (wulax),bluecarrot16,JaidynReiman","OGA-BY 3.0,CC-BY-SA 3.0,GPL 3.0","https://opengameart.org/content/lpc-medieval-fantasy-character-sprites,https://opengameart.org/content/lpc-clothing-updates,https://opengameart.org/content/lpc-expanded-armor","adapted to v3 bases by bluecarrot16, reduced colors and climb/emote/jump by JaidynReiman"
torso/armour/leather/female/spellcast.png,"Michael Whitlock (bigbeargames),Matthew Krohn (makrohn),Johannes Sjölund (wulax),bluecarrot16,JaidynReiman","OGA-BY 3.0,CC-BY-SA 3.0,GPL 3.0","https://opengameart.org/content/lpc-medieval-fantasy-character-sprites,https://opengameart.org/content/lpc-combat-armor-for-women,https://opengameart.org/content/lpc-clothing-updates,https://opengameart.org/content/lpc-expanded-armor","recolor of torso/armour/leather/female/brown.png, adapted to v3 bases by bluecarrot16, reduced colors and climb/emote/jump by JaidynReiman"
torso/armour/leather/male/thrust.png,"Johannes Sjölund (wulax),bluecarrot16,JaidynReiman","OGA-BY 3.0,CC-BY-SA 3.0,GPL 3.0","https://opengameart.org/content/lpc-medieval-fantasy-character-sprites,https://opengameart.org/content/lpc-clothing-updates,https://opengameart.org/content/lpc-expanded-armor","adapted to v3 bases by bluecarrot16, reduced colors and climb/emote/jump by JaidynReiman"
torso/armour/leather/female/thrust.png,"Michael Whitlock (bigbeargames),Matthew Krohn (makrohn),Johannes Sjölund (wulax),bluecarrot16,JaidynReiman","OGA-BY 3.0,CC-BY-SA 3.0,GPL 3.0","https://opengameart.org/content/lpc-medieval-fantasy-character-sprites,https://opengameart.org/content/lpc-combat-armor-for-women,https://opengameart.org/content/lpc-clothing-updates,https://opengameart.org/content/lpc-expanded-armor","recolor of torso/armour/leather/female/brown.png, adapted to v3 bases by bluecarrot16, reduced colors and climb/emote/jump by JaidynReiman"
torso/armour/leather/male/walk.png,"Johannes Sjölund (wulax),bluecarrot16,JaidynReiman","OGA-BY 3.0,CC-BY-SA 3.0,GPL 3.0","https://opengameart.org/content/lpc-medieval-fantasy-character-sprites,https://opengameart.org/content/lpc-clothing-updates,https://opengameart.org/content/lpc-expanded-armor","adapted to v3 bases by bluecarrot16, reduced colors and climb/emote/jump by JaidynReiman"
torso/armour/leather/female/walk.png,"Michael Whitlock (bigbeargames),Matthew Krohn (makrohn),Johannes Sjölund (wulax),bluecarrot16,JaidynReiman","OGA-BY 3.0,CC-BY-SA 3.0,GPL 3.0","https://opengameart.org/content/lpc-medieval-fantasy-character-sprites,https://opengameart.org/content/lpc-combat-armor-for-women,https://opengameart.org/content/lpc-clothing-updates,https://opengameart.org/content/lpc-expanded-armor","recolor of torso/armour/leather/female/brown.png, adapted to v3 bases by bluecarrot16, reduced colors and climb/emote/jump by JaidynReiman"
torso/armour/leather/male/slash.png,"Johannes Sjölund (wulax),bluecarrot16,JaidynReiman","OGA-BY 3.0,CC-BY-SA 3.0,GPL 3.0","https://opengameart.org/content/lpc-medieval-fantasy-character-sprites,https://opengameart.org/content/lpc-clothing-updates,https://opengameart.org/content/lpc-expanded-armor","adapted to v3 bases by bluecarrot16, reduced colors and climb/emote/jump by JaidynReiman"
torso/armour/leather/female/slash.png,"Michael Whitlock (bigbeargames),Matthew Krohn (makrohn),Johannes Sjölund (wulax),bluecarrot16,JaidynReiman","OGA-BY 3.0,CC-BY-SA 3.0,GPL 3.0","https://opengameart.org/content/lpc-medieval-fantasy-character-sprites,https://opengameart.org/content/lpc-combat-armor-for-women,https://opengameart.org/content/lpc-clothing-updates,https://opengameart.org/content/lpc-expanded-armor","recolor of torso/armour/leather/female/brown.png, adapted to v3 bases by bluecarrot16, reduced colors and climb/emote/jump by JaidynReiman"
torso/armour/leather/male/shoot.png,"Johannes Sjölund (wulax),bluecarrot16,JaidynReiman","OGA-BY 3.0,CC-BY-SA 3.0,GPL 3.0","https://opengameart.org/content/lpc-medieval-fantasy-character-sprites,https://opengameart.org/content/lpc-clothing-updates,https://opengameart.org/content/lpc-expanded-armor","adapted to v3 bases by bluecarrot16, reduced colors and climb/emote/jump by JaidynReiman"
torso/armour/leather/female/shoot.png,"Michael Whitlock (bigbeargames),Matthew Krohn (makrohn),Johannes Sjölund (wulax),bluecarrot16,JaidynReiman","OGA-BY 3.0,CC-BY-SA 3.0,GPL 3.0","https://opengameart.org/content/lpc-medieval-fantasy-character-sprites,https://opengameart.org/content/lpc-combat-armor-for-women,https://opengameart.org/content/lpc-clothing-updates,https://opengameart.org/content/lpc-expanded-armor","recolor of torso/armour/leather/female/brown.png, adapted to v3 bases by bluecarrot16, reduced colors and climb/emote/jump by JaidynReiman"
torso/armour/leather/male/hurt.png,"Johannes Sjölund (wulax),bluecarrot16,JaidynReiman","OGA-BY 3.0,CC-BY-SA 3.0,GPL 3.0","https://opengameart.org/content/lpc-medieval-fantasy-character-sprites,https://opengameart.org/content/lpc-clothing-updates,https://opengameart.org/content/lpc-expanded-armor","adapted to v3 bases by bluecarrot16, reduced colors and climb/emote/jump by JaidynReiman"
torso/armour/leather/female/hurt.png,"Michael Whitlock (bigbeargames),Matthew Krohn (makrohn),Johannes Sjölund (wulax),bluecarrot16,JaidynReiman","OGA-BY 3.0,CC-BY-SA 3.0,GPL 3.0","https://opengameart.org/content/lpc-medieval-fantasy-character-sprites,https://opengameart.org/content/lpc-combat-armor-for-women,https://opengameart.org/content/lpc-clothing-updates,https://opengameart.org/content/lpc-expanded-armor","recolor of torso/armour/leather/female/brown.png, adapted to v3 bases by bluecarrot16, reduced colors and climb/emote/jump by JaidynReiman"
torso/armour/leather/male/idle.png,"Johannes Sjölund (wulax),bluecarrot16,JaidynReiman","OGA-BY 3.0,CC-BY-SA 3.0,GPL 3.0","https://opengameart.org/content/lpc-medieval-fantasy-character-sprites,https://opengameart.org/content/lpc-clothing-updates,https://opengameart.org/content/lpc-expanded-armor","adapted to v3 bases by bluecarrot16, reduced colors and climb/emote/jump by JaidynReiman"
torso/armour/leather/female/idle.png,"Michael Whitlock (bigbeargames),Matthew Krohn (makrohn),Johannes Sjölund (wulax),bluecarrot16,JaidynReiman","OGA-BY 3.0,CC-BY-SA 3.0,GPL 3.0","https://opengameart.org/content/lpc-medieval-fantasy-character-sprites,https://opengameart.org/content/lpc-combat-armor-for-women,https://opengameart.org/content/lpc-clothing-updates,https://opengameart.org/content/lpc-expanded-armor","recolor of torso/armour/leather/female/brown.png, adapted to v3 bases by bluecarrot16, reduced colors and climb/emote/jump by JaidynReiman"
torso/armour/plate/male/spellcast.png,"Napsio (Vitruvian Studio),JaidynReiman,bluecarrot16,Michael Whitlock (bigbeargames),Johannes Sjölund (wulax)","OGA-BY 3.0,CC-BY-SA 3.0,GPL 3.0","https://opengameart.org/content/lpc-medieval-fantasy-character-sprites,https://opengameart.org/content/lpc-combat-armor-for-women","original by wulax, recolor by bigbeargames, color reduced to 7 colors and adapted to v3 bases by bluecarrot16, run/jump/sit/climb/revised combat by JaidynReiman, reduced colors to 6 (based on Napsio's Vitruvian)"
torso/armour/plate/female/spellcast.png,"JaidynReiman,bluecarrot16,Michael Whitlock (bigbeargames),Matthew Krohn (makrohn),Johannes Sjölund (wulax)","OGA-BY 3.0,CC-BY-SA 3.0,GPL 3.0","https://opengameart.org/content/lpc-medieval-fantasy-character-sprites,https://opengameart.org/content/lpc-combat-armor-for-women,http://opengameart.org/content/lpc-clothing-updates","original by wulax, adapted to female base by makrohn, recolor by bigbeargames, color reduced to 7 colors and adapted to v3 bases by bluecarrot16, run/jump/sit/climb/revised combat by JaidynReiman, reduced colors to 6 (based on Napsio's Vitruvian)"
torso/armour/plate/male/thrust.png,"Napsio (Vitruvian Studio),JaidynReiman,bluecarrot16,Michael Whitlock (bigbeargames),Johannes Sjölund (wulax)","OGA-BY 3.0,CC-BY-SA 3.0,GPL 3.0","https://opengameart.org/content/lpc-medieval-fantasy-character-sprites,https://opengameart.org/content/lpc-combat-armor-for-women","original by wulax, recolor by bigbeargames, color reduced to 7 colors and adapted to v3 bases by bluecarrot16, run/jump/sit/climb/revised combat by JaidynReiman, reduced colors to 6 (based on Napsio's Vitruvian)"
torso/armour/plate/female/thrust.png,"JaidynReiman,bluecarrot16,Michael Whitlock (bigbeargames),Matthew Krohn (makrohn),Johannes Sjölund (wulax)","OGA-BY 3.0,CC-BY-SA 3.0,GPL 3.0","https://opengameart.org/content/lpc-medieval-fantasy-character-sprites,https://opengameart.org/content/lpc-combat-armor-for-women,http://opengameart.org/content/lpc-clothing-updates","original by wulax, adapted to female base by makrohn, recolor by bigbeargames, color reduced to 7 colors and adapted to v3 bases by bluecarrot16, run/jump/sit/climb/revised combat by JaidynReiman, reduced colors to 6 (based on Napsio's Vitruvian)"
torso/armour/plate/male/walk.png,"Napsio (Vitruvian Studio),JaidynReiman,bluecarrot16,Michael Whitlock (bigbeargames),Johannes Sjölund (wulax)","OGA-BY 3.0,CC-BY-SA 3.0,GPL 3.0","https://opengameart.org/content/lpc-medieval-fantasy-character-sprites,https://opengameart.org/content/lpc-combat-armor-for-women","original by wulax, recolor by bigbeargames, color reduced to 7 colors and adapted to v3 bases by bluecarrot16, run/jump/sit/climb/revised combat by JaidynReiman, reduced colors to 6 (based on Napsio's Vitruvian)"
torso/armour/plate/female/walk.png,"JaidynReiman,bluecarrot16,Michael Whitlock (bigbeargames),Matthew Krohn (makrohn),Johannes Sjölund (wulax)","OGA-BY 3.0,CC-BY-SA 3.0,GPL 3.0","https://opengameart.org/content/lpc-medieval-fantasy-character-sprites,https://opengameart.org/content/lpc-combat-armor-for-women,http://opengameart.org/content/lpc-clothing-updates","original by wulax, adapted to female base by makrohn, recolor by bigbeargames, color reduced to 7 colors and adapted to v3 bases by bluecarrot16, run/jump/sit/climb/revised combat by JaidynReiman, reduced colors to 6 (based on Napsio's Vitruvian)"
torso/armour/plate/male/slash.png,"Napsio (Vitruvian Studio),JaidynReiman,bluecarrot16,Michael Whitlock (bigbeargames),Johannes Sjölund (wulax)","OGA-BY 3.0,CC-BY-SA 3.0,GPL 3.0","https://opengameart.org/content/lpc-medieval-fantasy-character-sprites,https://opengameart.org/content/lpc-combat-armor-for-women","original by wulax, recolor by bigbeargames, color reduced to 7 colors and adapted to v3 bases by bluecarrot16, run/jump/sit/climb/revised combat by JaidynReiman, reduced colors to 6 (based on Napsio's Vitruvian)"
torso/armour/plate/female/slash.png,"JaidynReiman,bluecarrot16,Michael Whitlock (bigbeargames),Matthew Krohn (makrohn),Johannes Sjölund (wulax)","OGA-BY 3.0,CC-BY-SA 3.0,GPL 3.0","https://opengameart.org/content/lpc-medieval-fantasy-character-sprites,https://opengameart.org/content/lpc-combat-armor-for-women,http://opengameart.org/content/lpc-clothing-updates","original by wulax, adapted to female base by makrohn, recolor by bigbeargames, color reduced to 7 colors and adapted to v3 bases by bluecarrot16, run/jump/sit/climb/revised combat by JaidynReiman, reduced colors to 6 (based on Napsio's Vitruvian)"
torso/armour/plate/male/shoot.png,"Napsio (Vitruvian Studio),JaidynReiman,bluecarrot16,Michael Whitlock (bigbeargames),Johannes Sjölund (wulax)","OGA-BY 3.0,CC-BY-SA 3.0,GPL 3.0","https://opengameart.org/content/lpc-medieval-fantasy-character-sprites,https://opengameart.org/content/lpc-combat-armor-for-women","original by wulax, recolor by bigbeargames, color reduced to 7 colors and adapted to v3 bases by bluecarrot16, run/jump/sit/climb/revised combat by JaidynReiman, reduced colors to 6 (based on Napsio's Vitruvian)"
torso/armour/plate/female/shoot.png,"JaidynReiman,bluecarrot16,Michael Whitlock (bigbeargames),Matthew Krohn (makrohn),Johannes Sjölund (wulax)","OGA-BY 3.0,CC-BY-SA 3.0,GPL 3.0","https://opengameart.org/content/lpc-medieval-fantasy-character-sprites,https://opengameart.org/content/lpc-combat-armor-for-women,http://opengameart.org/content/lpc-clothing-updates","original by wulax, adapted to female base by makrohn, recolor by bigbeargames, color reduced to 7 colors and adapted to v3 bases by bluecarrot16, run/jump/sit/climb/revised combat by JaidynReiman, reduced colors to 6 (based on Napsio's Vitruvian)"
torso/armour/plate/male/hurt.png,"Napsio (Vitruvian Studio),JaidynReiman,bluecarrot16,Michael Whitlock (bigbeargames),Johannes Sjölund (wulax)","OGA-BY 3.0,CC-BY-SA 3.0,GPL 3.0","https://opengameart.org/content/lpc-medieval-fantasy-character-sprites,https://opengameart.org/content/lpc-combat-armor-for-women","original by wulax, recolor by bigbeargames, color reduced to 7 colors and adapted to v3 bases by bluecarrot16, run/jump/sit/climb/revised combat by JaidynReiman, reduced colors to 6 (based on Napsio's Vitruvian)"
torso/armour/plate/female/hurt.png,"JaidynReiman,bluecarrot16,Michael Whitlock (bigbeargames),Matthew Krohn (makrohn),Johannes Sjölund (wulax)","OGA-BY 3.0,CC-BY-SA 3.0,GPL 3.0","https://opengameart.org/content/lpc-medieval-fantasy-character-sprites,https://opengameart.org/content/lpc-combat-armor-for-women,http://opengameart.org/content/lpc-clothing-updates","original by wulax, adapted to female base by makrohn, recolor by bigbeargames, color reduced to 7 colors and adapted to v3 bases by bluecarrot16, run/jump/sit/climb/revised combat by JaidynReiman, reduced colors to 6 (based on Napsio's Vitruvian)"
torso/armour/plate/male/idle.png,"Napsio (Vitruvian Studio),JaidynReiman,bluecarrot16,Michael Whitlock (bigbeargames),Johannes Sjölund (wulax)","OGA-BY 3.0,CC-BY-SA 3.0,GPL 3.0","https://opengameart.org/content/lpc-medieval-fantasy-character-sprites,https://opengameart.org/content/lpc-combat-armor-for-women","original by wulax, recolor by bigbeargames, color reduced to 7 colors and adapted to v3 bases by bluecarrot16, run/jump/sit/climb/revised combat by JaidynReiman, reduced colors to 6 (based on Napsio's Vitruvian)"
torso/armour/plate/female/idle.png,"JaidynReiman,bluecarrot16,Michael Whitlock (bigbeargames),Matthew Krohn (makrohn),Johannes Sjölund (wulax)","OGA-BY 3.0,CC-BY-SA 3.0,GPL 3.0","https://opengameart.org/content/lpc-medieval-fantasy-character-sprites,https://opengameart.org/content/lpc-combat-armor-for-women,http://opengameart.org/content/lpc-clothing-updates","original by wulax, adapted to female base by makrohn, recolor by bigbeargames, color reduced to 7 colors and adapted to v3 bases by bluecarrot16, run/jump/sit/climb/revised combat by JaidynReiman, reduced colors to 6 (based on Napsio's Vitruvian)"
torso/waist/belt_double/male/spellcast.png,"bluecarrot16,Johannes Sjölund (wulax),Matthew Krohn (makrohn)","OGA-BY 3.0,CC-BY-SA 3.0,GPL 3.0","https://opengameart.org/content/lpc-combat-armor-for-women,https://opengameart.org/content/lpc-pirates",
torso/waist/belt_double/female/spellcast.png,"bluecarrot16,Johannes Sjölund (wulax),Matthew Krohn (makrohn)","OGA-BY 3.0,CC-BY-SA 3.0,GPL 3.0","https://opengameart.org/content/lpc-combat-armor-for-women,https://opengameart.org/content/lpc-pirates",
torso/waist/belt_double/male/thrust.png,"bluecarrot16,Johannes Sjölund (wulax),Matthew Krohn (makrohn)","OGA-BY 3.0,CC-BY-SA 3.0,GPL 3.0","https://opengameart.org/content/lpc-combat-armor-for-women,https://opengameart.org/content/lpc-pirates",
torso/waist/belt_double/female/thrust.png,"bluecarrot16,Johannes Sjölund (wulax),Matthew Krohn (makrohn)","OGA-BY 3.0,CC-BY-SA 3.0,GPL 3.0","https://opengameart.org/content/lpc-combat-armor-for-women,https://opengameart.org/content/lpc-pirates",
torso/waist/belt_double/male/walk.png,"bluecarrot16,Johannes Sjölund (wulax),Matthew Krohn (makrohn)","OGA-BY 3.0,CC-BY-SA 3.0,GPL 3.0","https://opengameart.org/content/lpc-combat-armor-for-women,https://opengameart.org/content/lpc-pirates",
torso/waist/belt_double/female/walk.png,"bluecarrot16,Johannes Sjölund (wulax),Matthew Krohn (makrohn)","OGA-BY 3.0,CC-BY-SA 3.0,GPL 3.0","https://opengameart.org/content/lpc-combat-armor-for-women,https://opengameart.org/content/lpc-pirates",
torso/waist/belt_double/male/slash.png,"bluecarrot16,Johannes Sjölund (wulax),Matthew Krohn (makrohn)","OGA-BY 3.0,CC-BY-SA 3.0,GPL 3.0","https://opengameart.org/content/lpc-combat-armor-for-women,https://opengameart.org/content/lpc-pirates",
torso/waist/belt_double/female/slash.png,"bluecarrot16,Johannes Sjölund (wulax),Matthew Krohn (makrohn)","OGA-BY 3.0,CC-BY-SA 3.0,GPL 3.0","https://opengameart.org/content/lpc-combat-armor-for-women,https://opengameart.org/content/lpc-pirates",
torso/waist/belt_double/male/shoot.png,"bluecarrot16,Johannes Sjölund (wulax),Matthew Krohn (makrohn)","OGA-BY 3.0,CC-BY-SA 3.0,GPL 3.0","https://opengameart.org/content/lpc-combat-armor-for-women,https://opengameart.org/content/lpc-pirates",
torso/waist/belt_double/female/shoot.png,"bluecarrot16,Johannes Sjölund (wulax),Matthew Krohn (makrohn)","OGA-BY 3.0,CC-BY-SA 3.0,GPL 3.0","https://opengameart.org/content/lpc-combat-armor-for-women,https://opengameart.org/content/lpc-pirates",
torso/waist/belt_double/male/hurt.png,"bluecarrot16,Johannes Sjölund (wulax),Matthew Krohn (makrohn)","OGA-BY 3.0,CC-BY-SA 3.0,GPL 3.0","https://opengameart.org/content/lpc-combat-armor-for-women,https://opengameart.org/content/lpc-pirates",
torso/waist/belt_double/female/hurt.png,"bluecarrot16,Johannes Sjölund (wulax),Matthew Krohn (makrohn)","OGA-BY 3.0,CC-BY-SA 3.0,GPL 3.0","https://opengameart.org/content/lpc-combat-armor-for-women,https://opengameart.org/content/lpc-pirates",
torso/waist/belt_leather/male/spellcast.png,"bluecarrot16,Johannes Sjölund (wulax),Matthew Krohn (makrohn)","OGA-BY 3.0,CC-BY-SA 3.0,GPL 3.0","https://opengameart.org/content/lpc-combat-armor-for-women,https://opengameart.org/content/lpc-pirates",
torso/waist/belt_leather/female/spellcast.png,"bluecarrot16,Johannes Sjölund (wulax),Matthew Krohn (makrohn)","OGA-BY 3.0,CC-BY-SA 3.0,GPL 3.0","https://opengameart.org/content/lpc-combat-armor-for-women,https://opengameart.org/content/lpc-pirates",
torso/waist/belt_leather/male/thrust.png,"bluecarrot16,Johannes Sjölund (wulax),Matthew Krohn (makrohn)","OGA-BY 3.0,CC-BY-SA 3.0,GPL 3.0","https://opengameart.org/content/lpc-combat-armor-for-women,https://opengameart.org/content/lpc-pirates",
torso/waist/belt_leather/female/thrust.png,"bluecarrot16,Johannes Sjölund (wulax),Matthew Krohn (makrohn)","OGA-BY 3.0,CC-BY-SA 3.0,GPL 3.0","https://opengameart.org/content/lpc-combat-armor-for-women,https://opengameart.org/content/lpc-pirates",
torso/waist/belt_leather/male/walk.png,"bluecarrot16,Johannes Sjölund (wulax),Matthew Krohn (makrohn)","OGA-BY 3.0,CC-BY-SA 3.0,GPL 3.0","https://opengameart.org/content/lpc-combat-armor-for-women,https://opengameart.org/content/lpc-pirates",
torso/waist/belt_leather/female/walk.png,"bluecarrot16,Johannes Sjölund (wulax),Matthew Krohn (makrohn)","OGA-BY 3.0,CC-BY-SA 3.0,GPL 3.0","https://opengameart.org/content/lpc-combat-armor-for-women,https://opengameart.org/content/lpc-pirates",
torso/waist/belt_leather/male/slash.png,"bluecarrot16,Johannes Sjölund (wulax),Matthew Krohn (makrohn)","OGA-BY 3.0,CC-BY-SA 3.0,GPL 3.0","https://opengameart.org/content/lpc-combat-armor-for-women,https://opengameart.org/content/lpc-pirates",
torso/waist/belt_leather/female/slash.png,"bluecarrot16,Johannes Sjölund (wulax),Matthew Krohn (makrohn)","OGA-BY 3.0,CC-BY-SA 3.0,GPL 3.0","https://opengameart.org/content/lpc-combat-armor-for-women,https://opengameart.org/content/lpc-pirates",
torso/waist/belt_leather/male/shoot.png,"bluecarrot16,Johannes Sjölund (wulax),Matthew Krohn (makrohn)","OGA-BY 3.0,CC-BY-SA 3.0,GPL 3.0","https://opengameart.org/content/lpc-combat-armor-for-women,https://opengameart.org/content/lpc-pirates",
torso/waist/belt_leather/female/shoot.png,"bluecarrot16,Johannes Sjölund (wulax),Matthew Krohn (makrohn)","OGA-BY 3.0,CC-BY-SA 3.0,GPL 3.0","https://opengameart.org/content/lpc-combat-armor-for-women,https://opengameart.org/content/lpc-pirates",
torso/waist/belt_leather/male/hurt.png,"bluecarrot16,Johannes Sjölund (wulax),Matthew Krohn (makrohn)","OGA-BY 3.0,CC-BY-SA 3.0,GPL 3.0","https://opengameart.org/content/lpc-combat-armor-for-women,https://opengameart.org/content/lpc-pirates",
torso/waist/belt_leather/female/hurt.png,"bluecarrot16,Johannes Sjölund (wulax),Matthew Krohn (makrohn)","OGA-BY 3.0,CC-BY-SA 3.0,GPL 3.0","https://opengameart.org/content/lpc-combat-armor-for-women,https://opengameart.org/content/lpc-pirates",
torso/waist/belt_robe/female/spellcast.png,"Johannes Sjölund (wulax),Matthew Krohn (makrohn)","OGA-BY 3.0,CC-BY-SA 3.0,GPL 3.0",https://opengameart.org/content/lpc-medieval-fantasy-character-sprites,
torso/waist/belt_robe/female/thrust.png,"Johannes Sjölund (wulax),Matthew Krohn (makrohn)","OGA-BY 3.0,CC-BY-SA 3.0,GPL 3.0",https://opengameart.org/content/lpc-medieval-fantasy-character-sprites,
torso/waist/belt_robe/female/walk.png,"Johannes Sjölund (wulax),Matthew Krohn (makrohn)","OGA-BY 3.0,CC-BY-SA 3.0,GPL 3.0",https://opengameart.org/content/lpc-medieval-fantasy-character-sprites,
torso/waist/belt_robe/female/slash.png,"Johannes Sjölund (wulax),Matthew Krohn (makrohn)","OGA-BY 3.0,CC-BY-SA 3.0,GPL 3.0",https://opengameart.org/content/lpc-medieval-fantasy-character-sprites,
torso/waist/belt_robe/female/shoot.png,"Johannes Sjölund (wulax),Matthew Krohn (makrohn)","OGA-BY 3.0,CC-BY-SA 3.0,GPL 3.0",https://opengameart.org/content/lpc-medieval-fantasy-character-sprites,
torso/waist/belt_robe/female/hurt.png,"Johannes Sjölund (wulax),Matthew Krohn (makrohn)","OGA-BY 3.0,CC-BY-SA 3.0,GPL 3.0",https://opengameart.org/content/lpc-medieval-fantasy-character-sprites,
cape/solid/fg/spellcast.png,"bluecarrot16,JaidynReiman","OGA-BY 3.0,CC-BY-SA 3.0,GPL 3.0","https://opengameart.org/content/lpc-curly-hair-elven-ears-white-cape-with-blue-trim-and-more,https://opengameart.org/content/lpc-roman-armor,http://opengameart.org/content/lpc-clothing-updates",
cape/solid/bg/spellcast.png,"Nila122,JaidynReiman","OGA-BY 3.0,CC-BY-SA 3.0,GPL 3.0","https://opengameart.org/content/lpc-curly-hair-elven-ears-white-cape-with-blue-trim-and-more,https://opengameart.org/content/lpc-roman-armor",
cape/solid/fg/thrust.png,"bluecarrot16,JaidynReiman","OGA-BY 3.0,CC-BY-SA 3.0,GPL 3.0","https://opengameart.org/content/lpc-curly-hair-elven-ears-white-cape-with-blue-trim-and-more,https://opengameart.org/content/lpc-roman-armor,http://opengameart.org/content/lpc-clothing-updates",
cape/solid/bg/thrust.png,"Nila122,JaidynReiman","OGA-BY 3.0,CC-BY-SA 3.0,GPL 3.0","https://opengameart.org/content/lpc-curly-hair-elven-ears-white-cape-with-blue-trim-and-more,https://opengameart.org/content/lpc-roman-armor",
cape/solid/fg/walk.png,"bluecarrot16,JaidynReiman","OGA-BY 3.0,CC-BY-SA 3.0,GPL 3.0","https://opengameart.org/content/lpc-curly-hair-elven-ears-white-cape-with-blue-trim-and-more,https://opengameart.org/content/lpc-roman-armor,http://opengameart.org/content/lpc-clothing-updates",
cape/solid/bg/walk.png,"Nila122,JaidynReiman","OGA-BY 3.0,CC-BY-SA 3.0,GPL 3.0","https://opengameart.org/content/lpc-curly-hair-elven-ears-white-cape-with-blue-trim-and-more,https://opengameart.org/content/lpc-roman-armor",
cape/solid/fg/slash.png,"bluecarrot16,JaidynReiman","OGA-BY 3.0,CC-BY-SA 3.0,GPL 3.0","https://opengameart.org/content/lpc-curly-hair-elven-ears-white-cape-with-blue-trim-and-more,https://opengameart.org/content/lpc-roman-armor,http://opengameart.org/content/lpc-clothing-updates",
cape/solid/bg/slash.png,"Nila122,JaidynReiman","OGA-BY 3.0,CC-BY-SA 3.0,GPL 3.0","https://opengameart.org/content/lpc-curly-hair-elven-ears-white-cape-with-blue-trim-and-more,https://opengameart.org/content/lpc-roman-armor",
cape/solid/fg/shoot.png,"bluecarrot16,JaidynReiman","OGA-BY 3.0,CC-BY-SA 3.0,GPL 3.0","https://opengameart.org/content/lpc-curly-hair-elven-ears-white-cape-with-blue-trim-and-more,https://opengameart.org/content/lpc-roman-armor,http://opengameart.org/content/lpc-clothing-updates",
cape/solid/bg/shoot.png,"Nila122,JaidynReiman","OGA-BY 3.0,CC-BY-SA 3.0,GPL 3.0","https://opengameart.org/content/lpc-curly-hair-elven-ears-white-cape-with-blue-trim-and-more,https://opengameart.org/content/lpc-roman-armor",
cape/solid/fg/hurt.png,"bluecarrot16,JaidynReiman","OGA-BY 3.0,CC-BY-SA 3.0,GPL 3.0","https://opengameart.org/content/lpc-curly-hair-elven-ears-white-cape-with-blue-trim-and-more,https://opengameart.org/content/lpc-roman-armor,http://opengameart.org/content/lpc-clothing-updates",
cape/solid/bg/hurt.png,"Nila122,JaidynReiman","OGA-BY 3.0,CC-BY-SA 3.0,GPL 3.0","https://opengameart.org/content/lpc-curly-hair-elven-ears-white-cape-with-blue-trim-and-more,https://opengameart.org/content/lpc-roman-armor",
cape/solid/fg/idle.png,"bluecarrot16,JaidynReiman","OGA-BY 3.0,CC-BY-SA 3.0,GPL 3.0","https://opengameart.org/content/lpc-curly-hair-elven-ears-white-cape-with-blue-trim-and-more,https://opengameart.org/content/lpc-roman-armor,http://opengameart.org/content/lpc-clothing-updates",
cape/solid/bg/idle.png,"Nila122,JaidynReiman","OGA-BY 3.0,CC-BY-SA 3.0,GPL 3.0","https://opengameart.org/content/lpc-curly-hair-elven-ears-white-cape-with-blue-trim-and-more,https://opengameart.org/content/lpc-roman-armor",
legs/armour/plate/male/spellcast.png,"bluecarrot16,JaidynReiman,Michael Whitlock (bigbeargames),Matthew Krohn (makrohn),Johannes Sjölund (wulax)","OGA-BY 3.0,CC-BY-SA 3.0,GPL 3.0",https://opengameart.org/content/lpc-medieval-fantasy-character-sprites,"reduced to 7 colors an adapted to v3 bases by bluecarrot16, climb/jump/sit/emote/run by JaidynReiman"
legs/armour/plate/thin/spellcast.png,"bluecarrot16,JaidynReiman,Michael Whitlock (bigbeargames),Matthew Krohn (makrohn),Johannes Sjölund (wulax)","OGA-BY 3.0,CC-BY-SA 3.0,GPL 3.0",https://opengameart.org/content/lpc-medieval-fantasy-character-sprites,"reduced to 7 colors an adapted to v3 bases by bluecarrot16, climb/jump/sit/emote/run by JaidynReiman"
legs/armour/plate/male/thrust.png,"bluecarrot16,JaidynReiman,Michael Whitlock (bigbeargames),Matthew Krohn (makrohn),Johannes Sjölund (wulax)","OGA-BY 3.0,CC-BY-SA 3.0,GPL 3.0",https://opengameart.org/content/lpc-medieval-fantasy-character-sprites,"reduced to 7 colors an adapted to v3 bases by bluecarrot16, climb/jump/sit/emote/run by JaidynReiman"
legs/armour/plate/thin/thrust.png,"bluecarrot16,JaidynReiman,Michael Whitlock (bigbeargames),Matthew Krohn (makrohn),Johannes Sjölund (wulax)","OGA-BY 3.0,CC-BY-SA 3.0,GPL 3.0",https://opengameart.org/content/lpc-medieval-fantasy-character-sprites,"reduced to 7 colors an adapted to v3 bases by bluecarrot16, climb/jump/sit/emote/run by JaidynReiman"
legs/armour/plate/male/walk.png,"bluecarrot16,JaidynReiman,Michael Whitlock (bigbeargames),Matthew Krohn (makrohn),Johannes Sjölund (wulax)","OGA-BY 3.0,CC-BY-SA 3.0,GPL 3.0",https://opengameart.org/content/lpc-medieval-fantasy-character-sprites,"reduced to 7 colors an adapted to v3 bases by bluecarrot16, climb/jump/sit/emote/run by JaidynReiman"
legs/armour/plate/thin/walk.png,"bluecarrot16,JaidynReiman,Michael Whitlock (bigbeargames),Matthew Krohn (makrohn),Johannes Sjölund (wulax)","OGA-BY 3.0,CC-BY-SA 3.0,GPL 3.0",https://opengameart.org/content/lpc-medieval-fantasy-character-sprites,"reduced to 7 colors an adapted to v3 bases by bluecarrot16, climb/jump/sit/emote/run by JaidynReiman"
legs/armour/plate/male/slash.png,"bluecarrot16,JaidynReiman,Michael Whitlock (bigbeargames),Matthew Krohn (makrohn),Johannes Sjölund (wulax)","OGA-BY 3.0,CC-BY-SA 3.0,GPL 3.0",https://opengameart.org/content/lpc-medieval-fantasy-character-sprites,"reduced to 7 colors an adapted to v3 bases by bluecarrot16, climb/jump/sit/emote/run by JaidynReiman"
legs/armour/plate/thin/slash.png,"bluecarrot16,JaidynReiman,Michael Whitlock (bigbeargames),Matthew Krohn (makrohn),Johannes Sjölund (wulax)","OGA-BY 3.0,CC-BY-SA 3.0,GPL 3.0",https://opengameart.org/content/lpc-medieval-fantasy-character-sprites,"reduced to 7 colors an adapted to v3 bases by bluecarrot16, climb/jump/sit/emote/run by JaidynReiman"
legs/armour/plate/male/shoot.png,"bluecarrot16,JaidynReiman,Michael Whitlock (bigbeargames),Matthew Krohn (makrohn),Johannes Sjölund (wulax)","OGA-BY 3.0,CC-BY-SA 3.0,GPL 3.0",https://opengameart.org/content/lpc-medieval-fantasy-character-sprites,"reduced to 7 colors an adapted to v3 bases by bluecarrot16, climb/jump/sit/emote/run by JaidynReiman"
legs/armour/plate/thin/shoot.png,"bluecarrot16,JaidynReiman,Michael Whitlock (bigbeargames),Matthew Krohn (makrohn),Johannes Sjölund (wulax)","OGA-BY 3.0,CC-BY-SA 3.0,GPL 3.0",https://opengameart.org/content/lpc-medieval-fantasy-character-sprites,"reduced to 7 colors an adapted to v3 bases by bluecarrot16, climb/jump/sit/emote/run by JaidynReiman"
legs/armour/plate/male/hurt.png,"bluecarrot16,JaidynReiman,Michael Whitlock (bigbeargames),Matthew Krohn (makrohn),Johannes Sjölund (wulax)","OGA-BY 3.0,CC-BY-SA 3.0,GPL 3.0",https://opengameart.org/content/lpc-medieval-fantasy-character-sprites,"reduced to 7 colors an adapted to v3 bases by bluecarrot16, climb/jump/sit/emote/run by JaidynReiman"
legs/armour/plate/thin/hurt.png,"bluecarrot16,JaidynReiman,Michael Whitlock (bigbeargames),Matthew Krohn (makrohn),Johannes Sjölund (wulax)","OGA-BY 3.0,CC-BY-SA 3.0,GPL 3.0",https://opengameart.org/content/lpc-medieval-fantasy-character-sprites,"reduced to 7 colors an adapted to v3 bases by bluecarrot16, climb/jump/sit/emote/run by JaidynReiman"
legs/armour/plate/male/idle.png,"bluecarrot16,JaidynReiman,Michael Whitlock (bigbeargames),Matthew Krohn (makrohn),Johannes Sjölund (wulax)","OGA-BY 3.0,CC-BY-SA 3.0,GPL 3.0",https://opengameart.org/content/lpc-medieval-fantasy-character-sprites,"reduced to 7 colors an adapted to v3 bases by bluecarrot16, climb/jump/sit/emote/run by JaidynReiman"
legs/armour/plate/thin/idle.png,"bluecarrot16,JaidynReiman,Michael Whitlock (bigbeargames),Matthew Krohn (makrohn),Johannes Sjölund (wulax)","OGA-BY 3.0,CC-BY-SA 3.0,GPL 3.0",https://opengameart.org/content/lpc-medieval-fantasy-character-sprites,"reduced to 7 colors an adapted to v3 bases by bluecarrot16, climb/jump/sit/emote/run by JaidynReiman"
legs/formal/male/spellcast.png,"bluecarrot16,JaidynReiman,ElizaWy,Johannes Sjölund (wulax),Stephen Challener (Redshrike)","OGA-BY 3.0,CC-BY-SA 3.0,GPL 3.0","https://opengameart.org/content/liberated-pixel-cup-lpc-base-assets-sprites-map-tiles,https://opengameart.org/content/lpc-medieval-fantasy-character-sprites,https://opengameart.org/content/lpc-2-characters,https://opengameart.org/content/lpc-gentleman,https://opengameart.org/content/lpc-expanded-pants","Original pants by Stephen Challener (Redshrike), thrust/shoot bases by Wulax, Formal Pants by Bluecarrot16, climb/jump/run/sit/emotes/revised combat by JaidynReiman"
legs/formal/male/thrust.png,"bluecarrot16,JaidynReiman,ElizaWy,Johannes Sjölund (wulax),Stephen Challener (Redshrike)","OGA-BY 3.0,CC-BY-SA 3.0,GPL 3.0","https://opengameart.org/content/liberated-pixel-cup-lpc-base-assets-sprites-map-tiles,https://opengameart.org/content/lpc-medieval-fantasy-character-sprites,https://opengameart.org/content/lpc-2-characters,https://opengameart.org/content/lpc-gentleman,https://opengameart.org/content/lpc-expanded-pants","Original pants by Stephen Challener (Redshrike), thrust/shoot bases by Wulax, Formal Pants by Bluecarrot16, climb/jump/run/sit/emotes/revised combat by JaidynReiman"
legs/formal/male/walk.png,"bluecarrot16,JaidynReiman,ElizaWy,Johannes Sjölund (wulax),Stephen Challener (Redshrike)","OGA-BY 3.0,CC-BY-SA 3.0,GPL 3.0","https://opengameart.org/content/liberated-pixel-cup-lpc-base-assets-sprites-map-tiles,https://opengameart.org/content/lpc-medieval-fantasy-character-sprites,https://opengameart.org/content/lpc-2-characters,https://opengameart.org/content/lpc-gentleman,https://opengameart.org/content/lpc-expanded-pants","Original pants by Stephen Challener (Redshrike), thrust/shoot bases by Wulax, Formal Pants by Bluecarrot16, climb/jump/run/sit/emotes/revised combat by JaidynReiman"
legs/formal/male/slash.png,"bluecarrot16,JaidynReiman,ElizaWy,Johannes Sjölund (wulax),Stephen Challener (Redshrike)","OGA-BY 3.0,CC-BY-SA 3.0,GPL 3.0","https://opengameart.org/content/liberated-pixel-cup-lpc-base-assets-sprites-map-tiles,https://opengameart.org/content/lpc-medieval-fantasy-character-sprites,https://opengameart.org/content/lpc-2-characters,https://opengameart.org/content/lpc-gentleman,https://opengameart.org/content/lpc-expanded-pants","Original pants by Stephen Challener (Redshrike), thrust/shoot bases by Wulax, Formal Pants by Bluecarrot16, climb/jump/run/sit/emotes/revised combat by JaidynReiman"
legs/formal/male/shoot.png,"bluecarrot16,JaidynReiman,ElizaWy,Johannes Sjölund (wulax),Stephen Challener (Redshrike)","OGA-BY 3.0,CC-BY-SA 3.0,GPL 3.0","https://opengameart.org/content/liberated-pixel-cup-lpc-base-assets-sprites-map-tiles,https://opengameart.org/content/lpc-medieval-fantasy-character-sprites,https://opengameart.org/content/lpc-2-characters,https://opengameart.org/content/lpc-gentleman,https://opengameart.org/content/lpc-expanded-pants","Original pants by Stephen Challener (Redshrike), thrust/shoot bases by Wulax, Formal Pants by Bluecarrot16, climb/jump/run/sit/emotes/revised combat by JaidynReiman"
legs/formal/male/hurt.png,"bluecarrot16,JaidynReiman,ElizaWy,Johannes Sjölund (wulax),Stephen Challener (Redshrike)","OGA-BY 3.0,CC-BY-SA 3.0,GPL 3.0","https://opengameart.org/content/liberated-pixel-cup-lpc-base-assets-sprites-map-tiles,https://opengameart.org/content/lpc-medieval-fantasy-character-sprites,https://opengameart.org/content/lpc-2-characters,https://opengameart.org/content/lpc-gentleman,https://opengameart.org/content/lpc-expanded-pants","Original pants by Stephen Challener (Redshrike), thrust/shoot bases by Wulax, Formal Pants by Bluecarrot16, climb/jump/run/sit/emotes/revised combat by JaidynReiman"
legs/pantaloons/male/spellcast.png,"Nila122,JaidynReiman,Johannes Sjölund (wulax),Stephen Challener (Redshrike)","OGA-BY 3.0,GPL 2.0,GPL 3.0,CC-BY-SA 3.0","https://opengameart.org/content/lpc-pirates,https://opengameart.org/content/more-lpc-clothes-and-hair,https://opengameart.org/content/lpc-expanded-pants","Original bases by Redshrike, thrust/shoot bases by Wulax, Original Pantaloons by Nila122, climb/jump/run/sit/emotes/revised combat by JaidynReiman"
legs/pantaloons/thin/spellcast.png,"Nila122,JaidynReiman,Johannes Sjölund (wulax),Stephen Challener (Redshrike)","OGA-BY 3.0,CC-BY-SA 3.0,GPL 2.0,GPL 3.0","https://opengameart.org/content/lpc-pirates,https://opengameart.org/content/more-lpc-clothes-and-hair,https://opengameart.org/content/lpc-expanded-pants","Original bases by Redshrike, thrust/shoot bases by Wulax, Original Pantaloons by Nila122, Female/Teen version by JaidynReiman"
legs/pantaloons/male/thrust.png,"Nila122,JaidynReiman,Johannes Sjölund (wulax),Stephen Challener (Redshrike)","OGA-BY 3.0,GPL 2.0,GPL 3.0,CC-BY-SA 3.0","https://opengameart.org/content/lpc-pirates,https://opengameart.org/content/more-lpc-clothes-and-hair,https://opengameart.org/content/lpc-expanded-pants","Original bases by Redshrike, thrust/shoot bases by Wulax, Original Pantaloons by Nila122, climb/jump/run/sit/emotes/revised combat by JaidynReiman"
legs/pantaloons/thin/thrust.png,"Nila122,JaidynReiman,Johannes Sjölund (wulax),Stephen Challener (Redshrike)","OGA-BY 3.0,CC-BY-SA 3.0,GPL 2.0,GPL 3.0","https://opengameart.org/content/lpc-pirates,https://opengameart.org/content/more-lpc-clothes-and-hair,https://opengameart.org/content/lpc-expanded-pants","Original bases by Redshrike, thrust/shoot bases by Wulax, Original Pantaloons by Nila122, Female/Teen version by JaidynReiman"
legs/pantaloons/male/walk.png,"Nila122,JaidynReiman,Johannes Sjölund (wulax),Stephen Challener (Redshrike)","OGA-BY 3.0,GPL 2.0,GPL 3.0,CC-BY-SA 3.0","https://opengameart.org/content/lpc-pirates,https://opengameart.org/content/more-lpc-clothes-and-hair,https://opengameart.org/content/lpc-expanded-pants","Original bases by Redshrike, thrust/shoot bases by Wulax, Original Pantaloons by Nila122, climb/jump/run/sit/emotes/revised combat by JaidynReiman"
legs/pantaloons/thin/walk.png,"Nila122,JaidynReiman,Johannes Sjölund (wulax),Stephen Challener (Redshrike)","OGA-BY 3.0,CC-BY-SA 3.0,GPL 2.0,GPL 3.0","https://opengameart.org/content/lpc-pirates,https://opengameart.org/content/more-lpc-clothes-and-hair,https://opengameart.org/content/lpc-expanded-pants","Original bases by Redshrike, thrust/shoot bases by Wulax, Original Pantaloons by Nila122, Female/Teen version by JaidynReiman"
legs/pantaloons/male/slash.png,"Nila122,JaidynReiman,Johannes Sjölund (wulax),Stephen Challener (Redshrike)","OGA-BY 3.0,GPL 2.0,GPL 3.0,CC-BY-SA 3.0","https://opengameart.org/content/lpc-pirates,https://opengameart.org/content/more-lpc-clothes-and-hair,https://opengameart.org/content/lpc-expanded-pants","Original bases by Redshrike, thrust/shoot bases by Wulax, Original Pantaloons by Nila122, climb/jump/run/sit/emotes/revised combat by JaidynReiman"
legs/pantaloons/thin/slash.png,"Nila122,JaidynReiman,Johannes Sjölund (wulax),Stephen Challener (Redshrike)","OGA-BY 3.0,CC-BY-SA 3.0,GPL 2.0,GPL 3.0","https://opengameart.org/content/lpc-pirates,https://opengameart.org/content/more-lpc-clothes-and-hair,https://opengameart.org/content/lpc-expanded-pants","Original bases by Redshrike, thrust/shoot bases by Wulax, Original Pantaloons by Nila122, Female/Teen version by JaidynReiman"
legs/pantaloons/male/shoot.png,"Nila122,JaidynReiman,Johannes Sjölund (wulax),Stephen Challener (Redshrike)","OGA-BY 3.0,GPL 2.0,GPL 3.0,CC-BY-SA 3.0","https://opengameart.org/content/lpc-pirates,https://opengameart.org/content/more-lpc-clothes-and-hair,https://opengameart.org/content/lpc-expanded-pants","Original bases by Redshrike, thrust/shoot bases by Wulax, Original Pantaloons by Nila122, climb/jump/run/sit/emotes/revised combat by JaidynReiman"
legs/pantaloons/thin/shoot.png,"Nila122,JaidynReiman,Johannes Sjölund (wulax),Stephen Challener (Redshrike)","OGA-BY 3.0,CC-BY-SA 3.0,GPL 2.0,GPL 3.0","https://opengameart.org/content/lpc-pirates,https://opengameart.org/content/more-lpc-clothes-and-hair,https://opengameart.org/content/lpc-expanded-pants","Original bases by Redshrike, thrust/shoot bases by Wulax, Original Pantaloons by Nila122, Female/Teen version by JaidynReiman"
legs/pantaloons/male/hurt.png,"Nila122,JaidynReiman,Johannes Sjölund (wulax),Stephen Challener (Redshrike)","OGA-BY 3.0,GPL 2.0,GPL 3.0,CC-BY-SA 3.0","https://opengameart.org/content/lpc-pirates,https://opengameart.org/content/more-lpc-clothes-and-hair,https://opengameart.org/content/lpc-expanded-pants","Original bases by Redshrike, thrust/shoot bases by Wulax, Original Pantaloons by Nila122, climb/jump/run/sit/emotes/revised combat by JaidynReiman"
legs/pantaloons/thin/hurt.png,"Nila122,JaidynReiman,Johannes Sjölund (wulax),Stephen Challener (Redshrike)","OGA-BY 3.0,CC-BY-SA 3.0,GPL 2.0,GPL 3.0","https://opengameart.org/content/lpc-pirates,https://opengameart.org/content/more-lpc-clothes-and-hair,https://opengameart.org/content/lpc-expanded-pants","Original bases by Redshrike, thrust/shoot bases by Wulax, Original Pantaloons by Nila122, Female/Teen version by JaidynReiman"
legs/pants/male/spellcast.png,"bluecarrot16,JaidynReiman,ElizaWy,Matthew Krohn (makrohn),Johannes Sjölund (wulax),Stephen Challener (Redshrike)","OGA-BY 3.0,GPL 3.0,CC-BY-SA 3.0","https://opengameart.org/content/liberated-pixel-cup-lpc-base-assets-sprites-map-tiles,https://opengameart.org/content/lpc-medieval-fantasy-character-sprites,https://opengameart.org/content/lpc-expanded-pants","original male pants by wulax, recolors and edits to v3 base by bluecarrot16, climb/jump/run/sit/emotes/revised combat by JaidynReiman based on ElizaWy's LPC Revised"
legs/pants/thin/spellcast.png,"bluecarrot16,JaidynReiman,ElizaWy,Joe White,Matthew Krohn (makrohn),Johannes Sjölund (wulax),Stephen Challener (Redshrike)","OGA-BY 3.0,GPL 3.0,CC-BY-SA 3.0","https://opengameart.org/content/liberated-pixel-cup-lpc-base-assets-sprites-map-tiles,https://opengameart.org/content/lpc-medieval-fantasy-character-sprites,http://opengameart.org/content/lpc-clothing-updates,https://opengameart.org/content/lpc-expanded-pants","original male pants by wulax, edited for female by Joe White, recolors and edits to v3 base by bluecarrot16, teen legs by ElizaWy derived from base, climb/jump/run/sit/emotes/revised combat by JaidynReiman based on ElizaWy's LPC Revised"
legs/pants/male/thrust.png,"bluecarrot16,JaidynReiman,ElizaWy,Matthew Krohn (makrohn),Johannes Sjölund (wulax),Stephen Challener (Redshrike)","OGA-BY 3.0,GPL 3.0,CC-BY-SA 3.0","https://opengameart.org/content/liberated-pixel-cup-lpc-base-assets-sprites-map-tiles,https://opengameart.org/content/lpc-medieval-fantasy-character-sprites,https://opengameart.org/content/lpc-expanded-pants","original male pants by wulax, recolors and edits to v3 base by bluecarrot16, climb/jump/run/sit/emotes/revised combat by JaidynReiman based on ElizaWy's LPC Revised"
legs/pants/thin/thrust.png,"bluecarrot16,JaidynReiman,ElizaWy,Joe White,Matthew Krohn (makrohn),Johannes Sjölund (wulax),Stephen Challener (Redshrike)","OGA-BY 3.0,GPL 3.0,CC-BY-SA 3.0","https://opengameart.org/content/liberated-pixel-cup-lpc-base-assets-sprites-map-tiles,https://opengameart.org/content/lpc-medieval-fantasy-character-sprites,http://opengameart.org/content/lpc-clothing-updates,https://opengameart.org/content/lpc-expanded-pants","original male pants by wulax, edited for female by Joe White, recolors and edits to v3 base by bluecarrot16, teen legs by ElizaWy derived from base, climb/jump/run/sit/emotes/revised combat by JaidynReiman based on ElizaWy's LPC Revised"
legs/pants/male/walk.png,"bluecarrot16,JaidynReiman,ElizaWy,Matthew Krohn (makrohn),Johannes Sjölund (wulax),Stephen Challener (Redshrike)","OGA-BY 3.0,GPL 3.0,CC-BY-SA 3.0","https://opengameart.org/content/liberated-pixel-cup-lpc-base-assets-sprites-map-tiles,https://opengameart.org/content/lpc-medieval-fantasy-character-sprites,https://opengameart.org/content/lpc-expanded-pants","original male pants by wulax, recolors and edits to v3 base by bluecarrot16, climb/jump/run/sit/emotes/revised combat by JaidynReiman based on ElizaWy's LPC Revised"
legs/pants/thin/walk.png,"bluecarrot16,JaidynReiman,ElizaWy,Joe White,Matthew Krohn (makrohn),Johannes Sjölund (wulax),Stephen Challener (Redshrike)","OGA-BY 3.0,GPL 3.0,CC-BY-SA 3.0","https://opengameart.org/content/liberated-pixel-cup-lpc-base-assets-sprites-map-tiles,https://opengameart.org/content/lpc-medieval-fantasy-character-sprites,http://opengameart.org/content/lpc-clothing-updates,https://opengameart.org/content/lpc-expanded-pants","original male pants by wulax, edited for female by Joe White, recolors and edits to v3 base by bluecarrot16, teen legs by ElizaWy derived from base, climb/jump/run/sit/emotes/revised combat by JaidynReiman based on ElizaWy's LPC Revised"
legs/pants/male/slash.png,"bluecarrot16,JaidynReiman,ElizaWy,Matthew Krohn (makrohn),Johannes Sjölund (wulax),Stephen Challener (Redshrike)","OGA-BY 3.0,GPL 3.0,CC-BY-SA 3.0","https://opengameart.org/content/liberated-pixel-cup-lpc-base-assets-sprites-map-tiles,https://opengameart.org/content/lpc-medieval-fantasy-character-sprites,https://opengameart.org/content/lpc-expanded-pants","original male pants by wulax, recolors and edits to v3 base by bluecarrot16, climb/jump/run/sit/emotes/revised combat by JaidynReiman based on ElizaWy's LPC Revised"
legs/pants/thin/slash.png,"bluecarrot16,JaidynReiman,ElizaWy,Joe White,Matthew Krohn (makrohn),Johannes Sjölund (wulax),Stephen Challener (Redshrike)","OGA-BY 3.0,GPL 3.0,CC-BY-SA 3.0","https://opengameart.org/content/liberated-pixel-cup-lpc-base-assets-sprites-map-tiles,https://opengameart.org/content/lpc-medieval-fantasy-character-sprites,http://opengameart.org/content/lpc-clothing-updates,https://opengameart.org/content/lpc-expanded-pants","original male pants by wulax, edited for female by Joe White, recolors and edits to v3 base by bluecarrot16, teen legs by ElizaWy derived from base, climb/jump/run/sit/emotes/revised combat by JaidynReiman based on ElizaWy's LPC Revised"
legs/pants/male/shoot.png,"bluecarrot16,JaidynReiman,ElizaWy,Matthew Krohn (makrohn),Johannes Sjölund (wulax),Stephen Challener (Redshrike)","OGA-BY 3.0,GPL 3.0,CC-BY-SA 3.0","https://opengameart.org/content/liberated-pixel-cup-lpc-base-assets-sprites-map-tiles,https://opengameart.org/content/lpc-medieval-fantasy-character-sprites,https://opengameart.org/content/lpc-expanded-pants","original male pants by wulax, recolors and edits to v3 base by bluecarrot16, climb/jump/run/sit/emotes/revised combat by JaidynReiman based on ElizaWy's LPC Revised"
legs/pants/thin/shoot.png,"bluecarrot16,JaidynReiman,ElizaWy,Joe White,Matthew Krohn (makrohn),Johannes Sjölund (wulax),Stephen Challener (Redshrike)","OGA-BY 3.0,GPL 3.0,CC-BY-SA 3.0","https://opengameart.org/content/liberated-pixel-cup-lpc-base-assets-sprites-map-tiles,https://opengameart.org/content/lpc-medieval-fantasy-character-sprites,http://opengameart.org/content/lpc-clothing-updates,https://opengameart.org/content/lpc-expanded-pants","original male pants by wulax, edited for female by Joe White, recolors and edits to v3 base by bluecarrot16, teen legs by ElizaWy derived from base, climb/jump/run/sit/emotes/revised combat by JaidynReiman based on ElizaWy's LPC Revised"
legs/pants/male/hurt.png,"bluecarrot16,JaidynReiman,ElizaWy,Matthew Krohn (makrohn),Johannes Sjölund (wulax),Stephen Challener (Redshrike)","OGA-BY 3.0,GPL 3.0,CC-BY-SA 3.0","https://opengameart.org/content/liberated-pixel-cup-lpc-base-assets-sprites-map-tiles,https://opengameart.org/content/lpc-medieval-fantasy-character-sprites,https://opengameart.org/content/lpc-expanded-pants","original male pants by wulax, recolors and edits to v3 base by bluecarrot16, climb/jump/run/sit/emotes/revised combat by JaidynReiman based on ElizaWy's LPC Revised"
legs/pants/thin/hurt.png,"bluecarrot16,JaidynReiman,ElizaWy,Joe White,Matthew Krohn (makrohn),Johannes Sjölund (wulax),Stephen Challener (Redshrike)","OGA-BY 3.0,GPL 3.0,CC-BY-SA 3.0","https://opengameart.org/content/liberated-pixel-cup-lpc-base-assets-sprites-map-tiles,https://opengameart.org/content/lpc-medieval-fantasy-character-sprites,http://opengameart.org/content/lpc-clothing-updates,https://opengameart.org/content/lpc-expanded-pants","original male pants by wulax, edited for female by Joe White, recolors and edits to v3 base by bluecarrot16, teen legs by ElizaWy derived from base, climb/jump/run/sit/emotes/revised combat by JaidynReiman based on ElizaWy's LPC Revised"
legs/pants/male/idle.png,"bluecarrot16,JaidynReiman,ElizaWy,Matthew Krohn (makrohn),Johannes Sjölund (wulax),Stephen Challener (Redshrike)","OGA-BY 3.0,GPL 3.0,CC-BY-SA 3.0","https://opengameart.org/content/liberated-pixel-cup-lpc-base-assets-sprites-map-tiles,https://opengameart.org/content/lpc-medieval-fantasy-character-sprites,https://opengameart.org/content/lpc-expanded-pants","original male pants by wulax, recolors and edits to v3 base by bluecarrot16, climb/jump/run/sit/emotes/revised combat by JaidynReiman based on ElizaWy's LPC Revised"
legs/pants/thin/idle.png,"bluecarrot16,JaidynReiman,ElizaWy,Joe White,Matthew Krohn (makrohn),Johannes Sjölund (wulax),Stephen Challener (Redshrike)","OGA-BY 3.0,GPL 3.0,CC-BY-SA 3.0","https://opengameart.org/content/liberated-pixel-cup-lpc-base-assets-sprites-map-tiles,https://opengameart.org/content/lpc-medieval-fantasy-character-sprites,http://opengameart.org/content/lpc-clothing-updates,https://opengameart.org/content/lpc-expanded-pants","original male pants by wulax, edited for female by Joe White, recolors and edits to v3 base by bluecarrot16, teen legs by ElizaWy derived from base, climb/jump/run/sit/emotes/revised combat by JaidynReiman based on ElizaWy's LPC Revised"
legs/skirts/straight/thin/spellcast.png,"bluecarrot16,ElizaWy","OGA-BY 3.0,GPL 3.0",http://opengameart.org/content/lpc-clothing-updates,"original skirt by ElizaWy, extended to all animation frames and edited for v3 bases by bluecarrot16"
legs/skirts/straight/thin/thrust.png,"bluecarrot16,ElizaWy","OGA-BY 3.0,GPL 3.0",http://opengameart.org/content/lpc-clothing-updates,"original skirt by ElizaWy, extended to all animation frames and edited for v3 bases by bluecarrot16"
legs/skirts/straight/thin/walk.png,"bluecarrot16,ElizaWy","OGA-BY 3.0,GPL 3.0",http://opengameart.org/content/lpc-clothing-updates,"original skirt by ElizaWy, extended to all animation frames and edited for v3 bases by bluecarrot16"
legs/skirts/straight/thin/slash.png,"bluecarrot16,ElizaWy","OGA-BY 3.0,GPL 3.0",http://opengameart.org/content/lpc-clothing-updates,"original skirt by ElizaWy, extended to all animation frames and edited for v3 bases by bluecarrot16"
legs/skirts/straight/thin/shoot.png,"bluecarrot16,ElizaWy","OGA-BY 3.0,GPL 3.0",http://opengameart.org/content/lpc-clothing-updates,"original skirt by ElizaWy, extended to all animation frames and edited for v3 bases by bluecarrot16"
legs/skirts/straight/thin/hurt.png,"bluecarrot16,ElizaWy","OGA-BY 3.0,GPL 3.0",http://opengameart.org/content/lpc-clothing-updates,"original skirt by ElizaWy, extended to all animation frames and edited for v3 bases by bluecarrot16"
legs/skirts/plain/male/spellcast.png,"bluecarrot16,Pierre Vigier (pvigier),Johannes Sjölund (wulax),Ahmad3366,JaidynReiman","OGA-BY 3.0,CC-BY-SA 3.0,GPL 3.0",https://opengameart.org/content/lpc-medieval-fantasy-character-sprites,"original by wulax, edited for female base by pvigier, edited for v3 base by bluecarrot16, idle & sit by Ahmad3366, color reduced & female sit/emote by JaidynReiman"
legs/skirts/plain/male/thrust.png,"bluecarrot16,Pierre Vigier (pvigier),Johannes Sjölund (wulax),Ahmad3366,JaidynReiman","OGA-BY 3.0,CC-BY-SA 3.0,GPL 3.0",https://opengameart.org/content/lpc-medieval-fantasy-character-sprites,"original by wulax, edited for female base by pvigier, edited for v3 base by bluecarrot16, idle & sit by Ahmad3366, color reduced & female sit/emote by JaidynReiman"
legs/skirts/plain/male/walk.png,"bluecarrot16,Pierre Vigier (pvigier),Johannes Sjölund (wulax),Ahmad3366,JaidynReiman","OGA-BY 3.0,CC-BY-SA 3.0,GPL 3.0",https://opengameart.org/content/lpc-medieval-fantasy-character-sprites,"original by wulax, edited for female base by pvigier, edited for v3 base by bluecarrot16, idle & sit by Ahmad3366, color reduced & female sit/emote by JaidynReiman"
legs/skirts/plain/thin/walk.png,"bluecarrot16,Pierre Vigier (pvigier),Johannes Sjölund (wulax),Ahmad3366,JaidynReiman","OGA-BY 3.0,CC-BY-SA 3.0,GPL 3.0",https://opengameart.org/content/lpc-medieval-fantasy-character-sprites,"original by wulax, edited for female base by pvigier, edited for v3 base by bluecarrot16, idle & sit by Ahmad3366, color reduced & female sit/emote by JaidynReiman"
legs/skirts/plain/male/slash.png,"bluecarrot16,Pierre Vigier (pvigier),Johannes Sjölund (wulax),Ahmad3366,JaidynReiman","OGA-BY 3.0,CC-BY-SA 3.0,GPL 3.0",https://opengameart.org/content/lpc-medieval-fantasy-character-sprites,"original by wulax, edited for female base by pvigier, edited for v3 base by bluecarrot16, idle & sit by Ahmad3366, color reduced & female sit/emote by JaidynReiman"
legs/skirts/plain/thin/slash.png,"bluecarrot16,Pierre Vigier (pvigier),Johannes Sjölund (wulax),Ahmad3366,JaidynReiman","OGA-BY 3.0,CC-BY-SA 3.0,GPL 3.0",https://opengameart.org/content/lpc-medieval-fantasy-character-sprites,"original by wulax, edited for female base by pvigier, edited for v3 base by bluecarrot16, idle & sit by Ahmad3366, color reduced & female sit/emote by JaidynReiman"
legs/skirts/plain/male/shoot.png,"bluecarrot16,Pierre Vigier (pvigier),Johannes Sjölund (wulax),Ahmad3366,JaidynReiman","OGA-BY 3.0,CC-BY-SA 3.0,GPL 3.0",https://opengameart.org/content/lpc-medieval-fantasy-character-sprites,"original by wulax, edited for female base by pvigier, edited for v3 base by bluecarrot16, idle & sit by Ahmad3366, color reduced & female sit/emote by JaidynReiman"
legs/skirts/plain/male/hurt.png,"bluecarrot16,Pierre Vigier (pvigier),Johannes Sjölund (wulax),Ahmad3366,JaidynReiman","OGA-BY 3.0,CC-BY-SA 3.0,GPL 3.0",https://opengameart.org/content/lpc-medieval-fantasy-character-sprites,"original by wulax, edited for female base by pvigier, edited for v3 base by bluecarrot16, idle & sit by Ahmad3366, color reduced & female sit/emote by JaidynReiman"
legs/skirts/plain/thin/hurt.png,"bluecarrot16,Pierre Vigier (pvigier),Johannes Sjölund (wulax),Ahmad3366,JaidynReiman","OGA-BY 3.0,CC-BY-SA 3.0,GPL 3.0",https://opengameart.org/content/lpc-medieval-fantasy-character-sprites,"original by wulax, edited for female base by pvigier, edited for v3 base by bluecarrot16, idle & sit by Ahmad3366, color reduced & female sit/emote by JaidynReiman"
legs/skirts/plain/thin/idle.png,"bluecarrot16,Pierre Vigier (pvigier),Johannes Sjölund (wulax),Ahmad3366,JaidynReiman","OGA-BY 3.0,CC-BY-SA 3.0,GPL 3.0",https://opengameart.org/content/lpc-medieval-fantasy-character-sprites,"original by wulax, edited for female base by pvigier, edited for v3 base by bluecarrot16, idle & sit by Ahmad3366, color reduced & female sit/emote by JaidynReiman"
feet/armour/plate/male/spellcast.png,"Matthew Krohn (makrohn),Johannes Sjölund (wulax)","OGA-BY 3.0,CC-BY-SA 3.0,GPL 3.0",https://opengameart.org/content/lpc-medieval-fantasy-character-sprites,"original by wulax, recolors by bigbeargames, edits for v3 base and recolors by bluecarrot16"
feet/armour/plate/thin/spellcast.png,"Matthew Krohn (makrohn),Johannes Sjölund (wulax)","OGA-BY 3.0,CC-BY-SA 3.0,GPL 3.0",https://opengameart.org/content/lpc-medieval-fantasy-character-sprites,"original by wulax, recolors by bigbeargames, edits for v3 base and recolors by bluecarrot16"
feet/armour/plate/male/thrust.png,"Matthew Krohn (makrohn),Johannes Sjölund (wulax)","OGA-BY 3.0,CC-BY-SA 3.0,GPL 3.0",https://opengameart.org/content/lpc-medieval-fantasy-character-sprites,"original by wulax, recolors by bigbeargames, edits for v3 base and recolors by bluecarrot16"
feet/armour/plate/thin/thrust.png,"Matthew Krohn (makrohn),Johannes Sjölund (wulax)","OGA-BY 3.0,CC-BY-SA 3.0,GPL 3.0",https://opengameart.org/content/lpc-medieval-fantasy-character-sprites,"original by wulax, recolors by bigbeargames, edits for v3 base and recolors by bluecarrot16"
feet/armour/plate/male/walk.png,"Matthew Krohn (makrohn),Johannes Sjölund (wulax)","OGA-BY 3.0,CC-BY-SA 3.0,GPL 3.0",https://opengameart.org/content/lpc-medieval-fantasy-character-sprites,"original by wulax, recolors by bigbeargames, edits for v3 base and recolors by bluecarrot16"
feet/armour/plate/thin/walk.png,"Matthew Krohn (makrohn),Johannes Sjölund (wulax)","OGA-BY 3.0,CC-BY-SA 3.0,GPL 3.0",https://opengameart.org/content/lpc-medieval-fantasy-character-sprites,"original by wulax, recolors by bigbeargames, edits for v3 base and recolors by bluecarrot16"
feet/armour/plate/male/slash.png,"Matthew Krohn (makrohn),Johannes Sjölund (wulax)","OGA-BY 3.0,CC-BY-SA 3.0,GPL 3.0",https://opengameart.org/content/lpc-medieval-fantasy-character-sprites,"original by wulax, recolors by bigbeargames, edits for v3 base and recolors by bluecarrot16"
feet/armour/plate/thin/slash.png,"Matthew Krohn (makrohn),Johannes Sjölund (wulax)","OGA-BY 3.0,CC-BY-SA 3.0,GPL 3.0",https://opengameart.org/content/lpc-medieval-fantasy-character-sprites,"original by wulax, recolors by bigbeargames, edits for v3 base and recolors by bluecarrot16"
feet/armour/plate/male/shoot.png,"Matthew Krohn (makrohn),Johannes Sjölund (wulax)","OGA-BY 3.0,CC-BY-SA 3.0,GPL 3.0",https://opengameart.org/content/lpc-medieval-fantasy-character-sprites,"original by wulax, recolors by bigbeargames, edits for v3 base and recolors by bluecarrot16"
feet/armour/plate/thin/shoot.png,"Matthew Krohn (makrohn),Johannes Sjölund (wulax)","OGA-BY 3.0,CC-BY-SA 3.0,GPL 3.0",https://opengameart.org/content/lpc-medieval-fantasy-character-sprites,"original by wulax, recolors by bigbeargames, edits for v3 base and recolors by bluecarrot16"
feet/armour/plate/male/hurt.png,"Matthew Krohn (makrohn),Johannes Sjölund (wulax)","OGA-BY 3.0,CC-BY-SA 3.0,GPL 3.0",https://opengameart.org/content/lpc-medieval-fantasy-character-sprites,"original by wulax, recolors by bigbeargames, edits for v3 base and recolors by bluecarrot16"
feet/armour/plate/thin/hurt.png,"Matthew Krohn (makrohn),Johannes Sjölund (wulax)","OGA-BY 3.0,CC-BY-SA 3.0,GPL 3.0",https://opengameart.org/content/lpc-medieval-fantasy-character-sprites,"original by wulax, recolors by bigbeargames, edits for v3 base and recolors by bluecarrot16"
feet/armour/plate/male/idle.png,"Matthew Krohn (makrohn),Johannes Sjölund (wulax)","OGA-BY 3.0,CC-BY-SA 3.0,GPL 3.0",https://opengameart.org/content/lpc-medieval-fantasy-character-sprites,"original by wulax, recolors by bigbeargames, edits for v3 base and recolors by bluecarrot16"
feet/armour/plate/thin/idle.png,"Matthew Krohn (makrohn),Johannes Sjölund (wulax)","OGA-BY 3.0,CC-BY-SA 3.0,GPL 3.0",https://opengameart.org/content/lpc-medieval-fantasy-character-sprites,"original by wulax, recolors by bigbeargames, edits for v3 base and recolors by bluecarrot16"
feet/slippers/male/spellcast.png,"bluecarrot16,JaidynReiman,Joe White,Luke Mehl","CC-BY-SA 3.0,GPL 3.0","https://opengameart.org/content/thin-mage-clothing-set,http://opengameart.org/content/lpc-clothing-updates,https://opengameart.org/content/lpc-expanded-socks-shoes","original by Luke Mehl, Joe White did thrust/shoot animations, edited for v3 bases and male sprites by bluecarrot16, Jump/Sit/Emote/Run/Revised Combat by JaidynReiman"
feet/slippers/thin/spellcast.png,"bluecarrot16,JaidynReiman,Joe White,Luke Mehl","CC-BY-SA 3.0,GPL 3.0","https://opengameart.org/content/thin-mage-clothing-set,http://opengameart.org/content/lpc-clothing-updates,https://opengameart.org/content/lpc-expanded-socks-shoes","original by Luke Mehl, Joe White did thrust/shoot animations, edited for v3 bases and male sprites by bluecarrot16, Jump/Sit/Emote/Run/Revised Combat by JaidynReiman"
feet/slippers/male/thrust.png,"bluecarrot16,JaidynReiman,Joe White,Luke Mehl","CC-BY-SA 3.0,GPL 3.0","https://opengameart.org/content/thin-mage-clothing-set,http://opengameart.org/content/lpc-clothing-updates,https://opengameart.org/content/lpc-expanded-socks-shoes","original by Luke Mehl, Joe White did thrust/shoot animations, edited for v3 bases and male sprites by bluecarrot16, Jump/Sit/Emote/Run/Revised Combat by JaidynReiman"
feet/slippers/thin/thrust.png,"bluecarrot16,JaidynReiman,Joe White,Luke Mehl","CC-BY-SA 3.0,GPL 3.0","https://opengameart.org/content/thin-mage-clothing-set,http://opengameart.org/content/lpc-clothing-updates,https://opengameart.org/content/lpc-expanded-socks-shoes","original by Luke Mehl, Joe White did thrust/shoot animations, edited for v3 bases and male sprites by bluecarrot16, Jump/Sit/Emote/Run/Revised Combat by JaidynReiman"
feet/slippers/male/walk.png,"bluecarrot16,JaidynReiman,Joe White,Luke Mehl","CC-BY-SA 3.0,GPL 3.0","https://opengameart.org/content/thin-mage-clothing-set,http://opengameart.org/content/lpc-clothing-updates,https://opengameart.org/content/lpc-expanded-socks-shoes","original by Luke Mehl, Joe White did thrust/shoot animations, edited for v3 bases and male sprites by bluecarrot16, Jump/Sit/Emote/Run/Revised Combat by JaidynReiman"
feet/slippers/thin/walk.png,"bluecarrot16,JaidynReiman,Joe White,Luke Mehl","CC-BY-SA 3.0,GPL 3.0","https://opengameart.org/content/thin-mage-clothing-set,http://opengameart.org/content/lpc-clothing-updates,https://opengameart.org/content/lpc-expanded-socks-shoes","original by Luke Mehl, Joe White did thrust/shoot animations, edited for v3 bases and male sprites by bluecarrot16, Jump/Sit/Emote/Run/Revised Combat by JaidynReiman"
feet/slippers/male/slash.png,"bluecarrot16,JaidynReiman,Joe White,Luke Mehl","CC-BY-SA 3.0,GPL 3.0","https://opengameart.org/content/thin-mage-clothing-set,http://opengameart.org/content/lpc-clothing-updates,https://opengameart.org/content/lpc-expanded-socks-shoes","original by Luke Mehl, Joe White did thrust/shoot animations, edited for v3 bases and male sprites by bluecarrot16, Jump/Sit/Emote/Run/Revised Combat by JaidynReiman"
feet/slippers/thin/slash.png,"bluecarrot16,JaidynReiman,Joe White,Luke Mehl","CC-BY-SA 3.0,GPL 3.0","https://opengameart.org/content/thin-mage-clothing-set,http://opengameart.org/content/lpc-clothing-updates,https://opengameart.org/content/lpc-expanded-socks-shoes","original by Luke Mehl, Joe White did thrust/shoot animations, edited for v3 bases and male sprites by bluecarrot16, Jump/Sit/Emote/Run/Revised Combat by JaidynReiman"
feet/slippers/male/shoot.png,"bluecarrot16,JaidynReiman,Joe White,Luke Mehl","CC-BY-SA 3.0,GPL 3.0","https://opengameart.org/content/thin-mage-clothing-set,http://opengameart.org/content/lpc-clothing-updates,https://opengameart.org/content/lpc-expanded-socks-shoes","original by Luke Mehl, Joe White did thrust/shoot animations, edited for v3 bases and male sprites by bluecarrot16, Jump/Sit/Emote/Run/Revised Combat by JaidynReiman"
feet/slippers/thin/shoot.png,"bluecarrot16,JaidynReiman,Joe White,Luke Mehl","CC-BY-SA 3.0,GPL 3.0","https://opengameart.org/content/thin-mage-clothing-set,http://opengameart.org/content/lpc-clothing-updates,https://opengameart.org/content/lpc-expanded-socks-shoes","original by Luke Mehl, Joe White did thrust/shoot animations, edited for v3 bases and male sprites by bluecarrot16, Jump/Sit/Emote/Run/Revised Combat by JaidynReiman"
feet/slippers/male/hurt.png,"bluecarrot16,JaidynReiman,Joe White,Luke Mehl","CC-BY-SA 3.0,GPL 3.0","https://opengameart.org/content/thin-mage-clothing-set,http://opengameart.org/content/lpc-clothing-updates,https://opengameart.org/content/lpc-expanded-socks-shoes","original by Luke Mehl, Joe White did thrust/shoot animations, edited for v3 bases and male sprites by bluecarrot16, Jump/Sit/Emote/Run/Revised Combat by JaidynReiman"
feet/slippers/thin/hurt.png,"bluecarrot16,JaidynReiman,Joe White,Luke Mehl","CC-BY-SA 3.0,GPL 3.0","https://opengameart.org/content/thin-mage-clothing-set,http://opengameart.org/content/lpc-clothing-updates,https://opengameart.org/content/lpc-expanded-socks-shoes","original by Luke Mehl, Joe White did thrust/shoot animations, edited for v3 bases and male sprites by bluecarrot16, Jump/Sit/Emote/Run/Revised Combat by JaidynReiman"
feet/slippers/male/idle.png,"bluecarrot16,JaidynReiman,Joe White,Luke Mehl","CC-BY-SA 3.0,GPL 3.0","https://opengameart.org/content/thin-mage-clothing-set,http://opengameart.org/content/lpc-clothing-updates,https://opengameart.org/content/lpc-expanded-socks-shoes","original by Luke Mehl, Joe White did thrust/shoot animations, edited for v3 bases and male sprites by bluecarrot16, Jump/Sit/Emote/Run/Revised Combat by JaidynReiman"
feet/slippers/thin/idle.png,"bluecarrot16,JaidynReiman,Joe White,Luke Mehl","CC-BY-SA 3.0,GPL 3.0","https://opengameart.org/content/thin-mage-clothing-set,http://opengameart.org/content/lpc-clothing-updates,https://opengameart.org/content/lpc-expanded-socks-shoes","original by Luke Mehl, Joe White did thrust/shoot animations, edited for v3 bases and male sprites by bluecarrot16, Jump/Sit/Emote/Run/Revised Combat by JaidynReiman"
feet/shoes/basic/male/spellcast.png,"JaidynReiman,bluecarrot16,Johannes Sjölund (wulax)","OGA-BY 3.0,CC-BY-SA 3.0,GPL 3.0","https://opengameart.org/content/lpc-medieval-fantasy-character-sprites,http://opengameart.org/content/lpc-clothing-updates,https://opengameart.org/content/lpc-expanded-socks-shoes","original by wulax, edited for v3 base by bluecarrot16, Jump/Sit/Emote/Run/Revised Combat by JaidynReiman"
feet/shoes/basic/thin/spellcast.png,"JaidynReiman,Joe White,Johannes Sjölund (wulax)","OGA-BY 3.0,CC-BY-SA 3.0,GPL 3.0","https://opengameart.org/content/lpc-medieval-fantasy-character-sprites,http://opengameart.org/content/lpc-clothing-updates,https://opengameart.org/content/lpc-expanded-socks-shoes","original by wulax, edited for female base by Joe White, edited for v3 base by bluecarrot16, Jump/Sit/Emote/Run/Revised Combat by JaidynReiman"
feet/shoes/basic/male/thrust.png,"JaidynReiman,bluecarrot16,Johannes Sjölund (wulax)","OGA-BY 3.0,CC-BY-SA 3.0,GPL 3.0","https://opengameart.org/content/lpc-medieval-fantasy-character-sprites,http://opengameart.org/content/lpc-clothing-updates,https://opengameart.org/content/lpc-expanded-socks-shoes","original by wulax, edited for v3 base by bluecarrot16, Jump/Sit/Emote/Run/Revised Combat by JaidynReiman"
feet/shoes/basic/thin/thrust.png,"JaidynReiman,Joe White,Johannes Sjölund (wulax)","OGA-BY 3.0,CC-BY-SA 3.0,GPL 3.0","https://opengameart.org/content/lpc-medieval-fantasy-character-sprites,http://opengameart.org/content/lpc-clothing-updates,https://opengameart.org/content/lpc-expanded-socks-shoes","original by wulax, edited for female base by Joe White, edited for v3 base by bluecarrot16, Jump/Sit/Emote/Run/Revised Combat by JaidynReiman"
feet/shoes/basic/male/walk.png,"JaidynReiman,bluecarrot16,Johannes Sjölund (wulax)","OGA-BY 3.0,CC-BY-SA 3.0,GPL 3.0","https://opengameart.org/content/lpc-medieval-fantasy-character-sprites,http://opengameart.org/content/lpc-clothing-updates,https://opengameart.org/content/lpc-expanded-socks-shoes","original by wulax, edited for v3 base by bluecarrot16, Jump/Sit/Emote/Run/Revised Combat by JaidynReiman"
feet/shoes/basic/thin/walk.png,"JaidynReiman,Joe White,Johannes Sjölund (wulax)","OGA-BY 3.0,CC-BY-SA 3.0,GPL 3.0","https://opengameart.org/content/lpc-medieval-fantasy-character-sprites,http://opengameart.org/content/lpc-clothing-updates,https://opengameart.org/content/lpc-expanded-socks-shoes","original by wulax, edited for female base by Joe White, edited for v3 base by bluecarrot16, Jump/Sit/Emote/Run/Revised Combat by JaidynReiman"
feet/shoes/basic/male/slash.png,"JaidynReiman,bluecarrot16,Johannes Sjölund (wulax)","OGA-BY 3.0,CC-BY-SA 3.0,GPL 3.0","https://opengameart.org/content/lpc-medieval-fantasy-character-sprites,http://opengameart.org/content/lpc-clothing-updates,https://opengameart.org/content/lpc-expanded-socks-shoes","original by wulax, edited for v3 base by bluecarrot16, Jump/Sit/Emote/Run/Revised Combat by JaidynReiman"
feet/shoes/basic/thin/slash.png,"JaidynReiman,Joe White,Johannes Sjölund (wulax)","OGA-BY 3.0,CC-BY-SA 3.0,GPL 3.0","https://opengameart.org/content/lpc-medieval-fantasy-character-sprites,http://opengameart.org/content/lpc-clothing-updates,https://opengameart.org/content/lpc-expanded-socks-shoes","original by wulax, edited for female base by Joe White, edited for v3 base by bluecarrot16, Jump/Sit/Emote/Run/Revised Combat by JaidynReiman"
feet/shoes/basic/male/shoot.png,"JaidynReiman,bluecarrot16,Johannes Sjölund (wulax)","OGA-BY 3.0,CC-BY-SA 3.0,GPL 3.0","https://opengameart.org/content/lpc-medieval-fantasy-character-sprites,http://opengameart.org/content/lpc-clothing-updates,https://opengameart.org/content/lpc-expanded-socks-shoes","original by wulax, edited for v3 base by bluecarrot16, Jump/Sit/Emote/Run/Revised Combat by JaidynReiman"
feet/shoes/basic/thin/shoot.png,"JaidynReiman,Joe White,Johannes Sjölund (wulax)","OGA-BY 3.0,CC-BY-SA 3.0,GPL 3.0","https://opengameart.org/content/lpc-medieval-fantasy-character-sprites,http://opengameart.org/content/lpc-clothing-updates,https://opengameart.org/content/lpc-expanded-socks-shoes","original by wulax, edited for female base by Joe White, edited for v3 base by bluecarrot16, Jump/Sit/Emote/Run/Revised Combat by JaidynReiman"
feet/shoes/basic/male/hurt.png,"JaidynReiman,bluecarrot16,Johannes Sjölund (wulax)","OGA-BY 3.0,CC-BY-SA 3.0,GPL 3.0","https://opengameart.org/content/lpc-medieval-fantasy-character-sprites,http://opengameart.org/content/lpc-clothing-updates,https://opengameart.org/content/lpc-expanded-socks-shoes","original by wulax, edited for v3 base by bluecarrot16, Jump/Sit/Emote/Run/Revised Combat by JaidynReiman"
feet/shoes/basic/thin/hurt.png,"JaidynReiman,Joe White,Johannes Sjölund (wulax)","OGA-BY 3.0,CC-BY-SA 3.0,GPL 3.0","https://opengameart.org/content/lpc-medieval-fantasy-character-sprites,http://opengameart.org/content/lpc-clothing-updates,https://opengameart.org/content/lpc-expanded-socks-shoes","original by wulax, edited for female base by Joe White, edited for v3 base by bluecarrot16, Jump/Sit/Emote/Run/Revised Combat by JaidynReiman"
feet/shoes/basic/male/idle.png,"JaidynReiman,bluecarrot16,Johannes Sjölund (wulax)","OGA-BY 3.0,CC-BY-SA 3.0,GPL 3.0","https://opengameart.org/content/lpc-medieval-fantasy-character-sprites,http://opengameart.org/content/lpc-clothing-updates,https://opengameart.org/content/lpc-expanded-socks-shoes","original by wulax, edited for v3 base by bluecarrot16, Jump/Sit/Emote/Run/Revised Combat by JaidynReiman"
feet/shoes/basic/thin/idle.png,"JaidynReiman,Joe White,Johannes Sjölund (wulax)","OGA-BY 3.0,CC-BY-SA 3.0,GPL 3.0","https://opengameart.org/content/lpc-medieval-fantasy-character-sprites,http://opengameart.org/content/lpc-clothing-updates,https://opengameart.org/content/lpc-expanded-socks-shoes","original by wulax, edited for female base by Joe White, edited for v3 base by bluecarrot16, Jump/Sit/Emote/Run/Revised Combat by JaidynReiman"
feet/boots/basic/male/spellcast.png,"JaidynReiman,bluecarrot16,Nila122","OGA-BY 3.0,CC-BY-SA 3.0,GPL 2.0,GPL 3.0","https://opengameart.org/content/lpc-clothes-and-hair,https://opengameart.org/content/lpc-expanded-socks-shoes","original by Nila122, edited for male and v3 bases by bluecarrot16, Jump/Sit/Emote/Run/Revised Combat by JaidynReiman"
feet/boots/basic/thin/spellcast.png,"JaidynReiman,bluecarrot16,Nila122","OGA-BY 3.0,CC-BY-SA 3.0,GPL 2.0,GPL 3.0","https://opengameart.org/content/lpc-clothes-and-hair,https://opengameart.org/content/lpc-expanded-socks-shoes","original by Nila122, edited for v3 bases by bluecarrot16, Jump/Sit/Emote/Run/Revised Combat by JaidynReiman"
feet/boots/basic/male/thrust.png,"JaidynReiman,bluecarrot16,Nila122","OGA-BY 3.0,CC-BY-SA 3.0,GPL 2.0,GPL 3.0","https://opengameart.org/content/lpc-clothes-and-hair,https://opengameart.org/content/lpc-expanded-socks-shoes","original by Nila122, edited for male and v3 bases by bluecarrot16, Jump/Sit/Emote/Run/Revised Combat by JaidynReiman"
feet/boots/basic/thin/thrust.png,"JaidynReiman,bluecarrot16,Nila122","OGA-BY 3.0,CC-BY-SA 3.0,GPL 2.0,GPL 3.0","https://opengameart.org/content/lpc-clothes-and-hair,https://opengameart.org/content/lpc-expanded-socks-shoes","original by Nila122, edited for v3 bases by bluecarrot16, Jump/Sit/Emote/Run/Revised Combat by JaidynReiman"
feet/boots/basic/male/walk.png,"JaidynReiman,bluecarrot16,Nila122","OGA-BY 3.0,CC-BY-SA 3.0,GPL 2.0,GPL 3.0","https://opengameart.org/content/lpc-clothes-and-hair,https://opengameart.org/content/lpc-expanded-socks-shoes","original by Nila122, edited for male and v3 bases by bluecarrot16, Jump/Sit/Emote/Run/Revised Combat by JaidynReiman"
feet/boots/basic/thin/walk.png,"JaidynReiman,bluecarrot16,Nila122","OGA-BY 3.0,CC-BY-SA 3.0,GPL 2.0,GPL 3.0","https://opengameart.org/content/lpc-clothes-and-hair,https://opengameart.org/content/lpc-expanded-socks-shoes","original by Nila122, edited for v3 bases by bluecarrot16, Jump/Sit/Emote/Run/Revised Combat by JaidynReiman"
feet/boots/basic/male/slash.png,"JaidynReiman,bluecarrot16,Nila122","OGA-BY 3.0,CC-BY-SA 3.0,GPL 2.0,GPL 3.0","https://opengameart.org/content/lpc-clothes-and-hair,https://opengameart.org/content/lpc-expanded-socks-shoes","original by Nila122, edited for male and v3 bases by bluecarrot16, Jump/Sit/Emote/Run/Revised Combat by JaidynReiman"
feet/boots/basic/thin/slash.png,"JaidynReiman,bluecarrot16,Nila122","OGA-BY 3.0,CC-BY-SA 3.0,GPL 2.0,GPL 3.0","https://opengameart.org/content/lpc-clothes-and-hair,https://opengameart.org/content/lpc-expanded-socks-shoes","original by Nila122, edited for v3 bases by bluecarrot16, Jump/Sit/Emote/Run/Revised Combat by JaidynReiman"
feet/boots/basic/male/shoot.png,"JaidynReiman,bluecarrot16,Nila122","OGA-BY 3.0,CC-BY-SA 3.0,GPL 2.0,GPL 3.0","https://opengameart.org/content/lpc-clothes-and-hair,https://opengameart.org/content/lpc-expanded-socks-shoes","original by Nila122, edited for male and v3 bases by bluecarrot16, Jump/Sit/Emote/Run/Revised Combat by JaidynReiman"
feet/boots/basic/thin/shoot.png,"JaidynReiman,bluecarrot16,Nila122","OGA-BY 3.0,CC-BY-SA 3.0,GPL 2.0,GPL 3.0","https://opengameart.org/content/lpc-clothes-and-hair,https://opengameart.org/content/lpc-expanded-socks-shoes","original by Nila122, edited for v3 bases by bluecarrot16, Jump/Sit/Emote/Run/Revised Combat by JaidynReiman"
feet/boots/basic/male/hurt.png,"JaidynReiman,bluecarrot16,Nila122","OGA-BY 3.0,CC-BY-SA 3.0,GPL 2.0,GPL 3.0","https://opengameart.org/content/lpc-clothes-and-hair,https://opengameart.org/content/lpc-expanded-socks-shoes","original by Nila122, edited for male and v3 bases by bluecarrot16, Jump/Sit/Emote/Run/Revised Combat by JaidynReiman"
feet/boots/basic/thin/hurt.png,"JaidynReiman,bluecarrot16,Nila122","OGA-BY 3.0,CC-BY-SA 3.0,GPL 2.0,GPL 3.0","https://opengameart.org/content/lpc-clothes-and-hair,https://opengameart.org/content/lpc-expanded-socks-shoes","original by Nila122, edited for v3 bases by bluecarrot16, Jump/Sit/Emote/Run/Revised Combat by JaidynReiman"
feet/boots/basic/male/idle.png,"JaidynReiman,bluecarrot16,Nila122","OGA-BY 3.0,CC-BY-SA 3.0,GPL 2.0,GPL 3.0","https://opengameart.org/content/lpc-clothes-and-hair,https://opengameart.org/content/lpc-expanded-socks-shoes","original by Nila122, edited for male and v3 bases by bluecarrot16, Jump/Sit/Emote/Run/Revised Combat by JaidynReiman"
feet/boots/basic/thin/idle.png,"JaidynReiman,bluecarrot16,Nila122","OGA-BY 3.0,CC-BY-SA 3.0,GPL 2.0,GPL 3.0","https://opengameart.org/content/lpc-clothes-and-hair,https://opengameart.org/content/lpc-expanded-socks-shoes","original by Nila122, edited for v3 bases by bluecarrot16, Jump/Sit/Emote/Run/Revised Combat by JaidynReiman"
tools/pickaxe/male/walk.png,"bluecarrot16,JaidynReiman,Pierre Vigier (pvigier),Tuomo Untinen (reemax)","OGA-BY-3.0,CC-BY 4.0,CC-BY-SA 3.0+,GPL 2.0+",https://opengameart.org/content/lpc-hand-tools,"original by bluecarrot16, color reduced by JaidynReiman"
tools/pickaxe/thin/walk.png,"bluecarrot16,JaidynReiman,Pierre Vigier (pvigier),Tuomo Untinen (reemax)","OGA-BY-3.0,CC-BY 4.0,CC-BY-SA 3.0+,GPL 2.0+",https://opengameart.org/content/lpc-hand-tools,"original by bluecarrot16, color reduced by JaidynReiman"
body/wings/bat/adult/fg/spellcast.png,"ElizaWy,JaidynReiman ",OGA-BY 3.0 ,https://opengameart.org/content/lpc-wings-new-animations ,"Original by ElizaWy, added to most remaining frames by JaidynReiman "
body/wings/bat/adult/bg/spellcast.png,"ElizaWy,JaidynReiman ",OGA-BY 3.0 ,https://opengameart.org/content/lpc-wings-new-animations ,"Original by ElizaWy, added to most remaining frames by JaidynReiman "
body/wings/bat/adult/fg/thrust.png,"ElizaWy,JaidynReiman ",OGA-BY 3.0 ,https://opengameart.org/content/lpc-wings-new-animations ,"Original by ElizaWy, added to most remaining frames by JaidynReiman "
body/wings/bat/adult/bg/thrust.png,"ElizaWy,JaidynReiman ",OGA-BY 3.0 ,https://opengameart.org/content/lpc-wings-new-animations ,"Original by ElizaWy, added to most remaining frames by JaidynReiman "
body/wings/bat/adult/fg/walk.png,"ElizaWy,JaidynReiman ",OGA-BY 3.0 ,https://opengameart.org/content/lpc-wings-new-animations ,"Original by ElizaWy, added to most remaining frames by JaidynReiman "
body/wings/bat/adult/bg/walk.png,"ElizaWy,JaidynReiman ",OGA-BY 3.0 ,https://opengameart.org/content/lpc-wings-new-animations ,"Original by ElizaWy, added to most remaining frames by JaidynReiman "
body/wings/bat/adult/fg/slash.png,"ElizaWy,JaidynReiman ",OGA-BY 3.0 ,https://opengameart.org/content/lpc-wings-new-animations ,"Original by ElizaWy, added to most remaining frames by JaidynReiman "
body/wings/bat/adult/bg/slash.png,"ElizaWy,JaidynReiman ",OGA-BY 3.0 ,https://opengameart.org/content/lpc-wings-new-animations ,"Original by ElizaWy, added to most remaining frames by JaidynReiman "
body/wings/bat/adult/fg/shoot.png,"ElizaWy,JaidynReiman ",OGA-BY 3.0 ,https://opengameart.org/content/lpc-wings-new-animations ,"Original by ElizaWy, added to most remaining frames by JaidynReiman "
body/wings/bat/adult/bg/shoot.png,"ElizaWy,JaidynReiman ",OGA-BY 3.0 ,https://opengameart.org/content/lpc-wings-new-animations ,"Original by ElizaWy, added to most remaining frames by JaidynReiman "
body/wings/bat/adult/fg/hurt.png,"ElizaWy,JaidynReiman ",OGA-BY 3.0 ,https://opengameart.org/content/lpc-wings-new-animations ,"Original by ElizaWy, added to most remaining frames by JaidynReiman "
body/wings/bat/adult/bg/hurt.png,"ElizaWy,JaidynReiman ",OGA-BY 3.0 ,https://opengameart.org/content/lpc-wings-new-animations ,"Original by ElizaWy, added to most remaining frames by JaidynReiman "
body/wings/bat/adult/fg/idle.png,"ElizaWy,JaidynReiman ",OGA-BY 3.0 ,https://opengameart.org/content/lpc-wings-new-animations ,"Original by ElizaWy, added to most remaining frames by JaidynReiman "
body/wings/bat/adult/bg/idle.png,"ElizaWy,JaidynReiman ",OGA-BY 3.0 ,https://opengameart.org/content/lpc-wings-new-animations ,"Original by ElizaWy, added to most remaining frames by JaidynReiman "
body/wings/bat/adult/fg/jump.png,"ElizaWy,JaidynReiman ",OGA-BY 3.0 ,https://opengameart.org/content/lpc-wings-new-animations ,"Original by ElizaWy, added to most remaining frames by JaidynReiman "
body/wings/bat/adult/bg/jump.png,"ElizaWy,JaidynReiman ",OGA-BY 3.0 ,https://opengameart.org/content/lpc-wings-new-animations ,"Original by ElizaWy, added to most remaining frames by JaidynReiman "
body/wings/bat/adult/fg/run.png,"ElizaWy,JaidynReiman ",OGA-BY 3.0 ,https://opengameart.org/content/lpc-wings-new-animations ,"Original by ElizaWy, added to most remaining frames by JaidynReiman "
body/wings/bat/adult/bg/run.png,"ElizaWy,JaidynReiman ",OGA-BY 3.0 ,https://opengameart.org/content/lpc-wings-new-animations ,"Original by ElizaWy, added to most remaining frames by JaidynReiman "
body/wings/bat/adult/fg/sit.png,"ElizaWy,JaidynReiman ",OGA-BY 3.0 ,https://opengameart.org/content/lpc-wings-new-animations ,"Original by ElizaWy, added to most remaining frames by JaidynReiman "
body/wings/bat/adult/bg/sit.png,"ElizaWy,JaidynReiman ",OGA-BY 3.0 ,https://opengameart.org/content/lpc-wings-new-animations ,"Original by ElizaWy, added to most remaining frames by JaidynReiman "
body/wings/bat/adult/fg/emote.png,"ElizaWy,JaidynReiman ",OGA-BY 3.0 ,https://opengameart.org/content/lpc-wings-new-animations ,"Original by ElizaWy, added to most remaining frames by JaidynReiman "
body/wings/bat/adult/bg/emote.png,"ElizaWy,JaidynReiman ",OGA-BY 3.0 ,https://opengameart.org/content/lpc-wings-new-animations ,"Original by ElizaWy, added to most remaining frames by JaidynReiman "
body/wings/bat/adult/fg/climb.png,"ElizaWy,JaidynReiman ",OGA-BY 3.0 ,https://opengameart.org/content/lpc-wings-new-animations ,"Original by ElizaWy, added to most remaining frames by JaidynReiman "
body/wings/bat/adult/bg/climb.png,"ElizaWy,JaidynReiman ",OGA-BY 3.0 ,https://opengameart.org/content/lpc-wings-new-animations ,"Original by ElizaWy, added to most remaining frames by JaidynReiman "
body/wings/bat/adult/fg/combat.png,"ElizaWy,JaidynReiman ",OGA-BY 3.0 ,https://opengameart.org/content/lpc-wings-new-animations ,"Original by ElizaWy, added to most remaining frames by JaidynReiman "
body/wings/bat/adult/bg/combat.png,"ElizaWy,JaidynReiman ",OGA-BY 3.0 ,https://opengameart.org/content/lpc-wings-new-animations ,"Original by ElizaWy, added to most remaining frames by JaidynReiman "
body/wings/bat/adult/fg/1h_backslash.png,"ElizaWy,JaidynReiman ",OGA-BY 3.0 ,https://opengameart.org/content/lpc-wings-new-animations ,"Original by ElizaWy, added to most remaining frames by JaidynReiman "
body/wings/bat/adult/bg/1h_backslash.png,"ElizaWy,JaidynReiman ",OGA-BY 3.0 ,https://opengameart.org/content/lpc-wings-new-animations ,"Original by ElizaWy, added to most remaining frames by JaidynReiman "
body/wings/bat/adult/fg/1h_halfslash.png,"ElizaWy,JaidynReiman ",OGA-BY 3.0 ,https://opengameart.org/content/lpc-wings-new-animations ,"Original by ElizaWy, added to most remaining frames by JaidynReiman "
body/wings/bat/adult/bg/1h_halfslash.png,"ElizaWy,JaidynReiman ",OGA-BY 3.0 ,https://opengameart.org/content/lpc-wings-new-animations ,"Original by ElizaWy, added to most remaining frames by JaidynReiman "
body/wings/feathered/adult/fg/spellcast.png,"ElizaWy,Stephen Challener (Redshrike),JaidynReiman ",OGA-BY 3.0 ,https://opengameart.org/content/lpc-wings-new-animations ,"Original by ElizaWy, added to most remaining frames by JaidynReiman "
body/wings/feathered/adult/bg/spellcast.png,"ElizaWy,Stephen Challener (Redshrike),JaidynReiman ",OGA-BY 3.0 ,https://opengameart.org/content/lpc-wings-new-animations ,"Original by ElizaWy, added to most remaining frames by JaidynReiman "
body/wings/feathered/adult/fg/thrust.png,"ElizaWy,Stephen Challener (Redshrike),JaidynReiman ",OGA-BY 3.0 ,https://opengameart.org/content/lpc-wings-new-animations ,"Original by ElizaWy, added to most remaining frames by JaidynReiman "
body/wings/feathered/adult/bg/thrust.png,"ElizaWy,Stephen Challener (Redshrike),JaidynReiman ",OGA-BY 3.0 ,https://opengameart.org/content/lpc-wings-new-animations ,"Original by ElizaWy, added to most remaining frames by JaidynReiman "
body/wings/feathered/adult/fg/walk.png,"ElizaWy,Stephen Challener (Redshrike),JaidynReiman ",OGA-BY 3.0 ,https://opengameart.org/content/lpc-wings-new-animations ,"Original by ElizaWy, added to most remaining frames by JaidynReiman "
body/wings/feathered/adult/bg/walk.png,"ElizaWy,Stephen Challener (Redshrike),JaidynReiman ",OGA-BY 3.0 ,https://opengameart.org/content/lpc-wings-new-animations ,"Original by ElizaWy, added to most remaining frames by JaidynReiman "
body/wings/feathered/adult/fg/slash.png,"ElizaWy,Stephen Challener (Redshrike),JaidynReiman ",OGA-BY 3.0 ,https://opengameart.org/content/lpc-wings-new-animations ,"Original by ElizaWy, added to most remaining frames by JaidynReiman "
body/wings/feathered/adult/bg/slash.png,"ElizaWy,Stephen Challener (Redshrike),JaidynReiman ",OGA-BY 3.0 ,https://opengameart.org/content/lpc-wings-new-animations ,"Original by ElizaWy, added to most remaining frames by JaidynReiman "
body/wings/feathered/adult/fg/shoot.png,"ElizaWy,Stephen Challener (Redshrike),JaidynReiman ",OGA-BY 3.0 ,https://opengameart.org/content/lpc-wings-new-animations ,"Original by ElizaWy, added to most remaining frames by JaidynReiman "
body/wings/feathered/adult/bg/shoot.png,"ElizaWy,Stephen Challener (Redshrike),JaidynReiman ",OGA-BY 3.0 ,https://opengameart.org/content/lpc-wings-new-animations ,"Original by ElizaWy, added to most remaining frames by JaidynReiman "
body/wings/feathered/adult/fg/hurt.png,"ElizaWy,Stephen Challener (Redshrike),JaidynReiman ",OGA-BY 3.0 ,https://opengameart.org/content/lpc-wings-new-animations ,"Original by ElizaWy, added to most remaining frames by JaidynReiman "
body/wings/feathered/adult/bg/hurt.png,"ElizaWy,Stephen Challener (Redshrike),JaidynReiman ",OGA-BY 3.0 ,https://opengameart.org/content/lpc-wings-new-animations ,"Original by ElizaWy, added to most remaining frames by JaidynReiman "
body/wings/feathered/adult/fg/idle.png,"ElizaWy,Stephen Challener (Redshrike),JaidynReiman ",OGA-BY 3.0 ,https://opengameart.org/content/lpc-wings-new-animations ,"Original by ElizaWy, added to most remaining frames by JaidynReiman "
body/wings/feathered/adult/bg/idle.png,"ElizaWy,Stephen Challener (Redshrike),JaidynReiman ",OGA-BY 3.0 ,https://opengameart.org/content/lpc-wings-new-animations ,"Original by ElizaWy, added to most remaining frames by JaidynReiman "
body/wings/feathered/adult/fg/jump.png,"ElizaWy,Stephen Challener (Redshrike),JaidynReiman ",OGA-BY 3.0 ,https://opengameart.org/content/lpc-wings-new-animations ,"Original by ElizaWy, added to most remaining frames by JaidynReiman "
body/wings/feathered/adult/bg/jump.png,"ElizaWy,Stephen Challener (Redshrike),JaidynReiman ",OGA-BY 3.0 ,https://opengameart.org/content/lpc-wings-new-animations ,"Original by ElizaWy, added to most remaining frames by JaidynReiman "
body/wings/feathered/adult/fg/run.png,"ElizaWy,Stephen Challener (Redshrike),JaidynReiman ",OGA-BY 3.0 ,https://opengameart.org/content/lpc-wings-new-animations ,"Original by ElizaWy, added to most remaining frames by JaidynReiman "
body/wings/feathered/adult/bg/run.png,"ElizaWy,Stephen Challener (Redshrike),JaidynReiman ",OGA-BY 3.0 ,https://opengameart.org/content/lpc-wings-new-animations ,"Original by ElizaWy, added to most remaining frames by JaidynReiman "
body/wings/feathered/adult/fg/sit.png,"ElizaWy,Stephen Challener (Redshrike),JaidynReiman ",OGA-BY 3.0 ,https://opengameart.org/content/lpc-wings-new-animations ,"Original by ElizaWy, added to most remaining frames by JaidynReiman "
body/wings/feathered/adult/bg/sit.png,"ElizaWy,Stephen Challener (Redshrike),JaidynReiman ",OGA-BY 3.0 ,https://opengameart.org/content/lpc-wings-new-animations ,"Original by ElizaWy, added to most remaining frames by JaidynReiman "
body/wings/feathered/adult/fg/emote.png,"ElizaWy,Stephen Challener (Redshrike),JaidynReiman ",OGA-BY 3.0 ,https://opengameart.org/content/lpc-wings-new-animations ,"Original by ElizaWy, added to most remaining frames by JaidynReiman "
body/wings/feathered/adult/bg/emote.png,"ElizaWy,Stephen Challener (Redshrike),JaidynReiman ",OGA-BY 3.0 ,https://opengameart.org/content/lpc-wings-new-animations ,"Original by ElizaWy, added to most remaining frames by JaidynReiman "
body/wings/feathered/adult/fg/climb.png,"ElizaWy,Stephen Challener (Redshrike),JaidynReiman ",OGA-BY 3.0 ,https://opengameart.org/content/lpc-wings-new-animations ,"Original by ElizaWy, added to most remaining frames by JaidynReiman "
body/wings/feathered/adult/bg/climb.png,"ElizaWy,Stephen Challener (Redshrike),JaidynReiman ",OGA-BY 3.0 ,https://opengameart.org/content/lpc-wings-new-animations ,"Original by ElizaWy, added to most remaining frames by JaidynReiman "
body/wings/feathered/adult/fg/combat.png,"ElizaWy,Stephen Challener (Redshrike),JaidynReiman ",OGA-BY 3.0 ,https://opengameart.org/content/lpc-wings-new-animations ,"Original by ElizaWy, added to most remaining frames by JaidynReiman "
body/wings/feathered/adult/bg/combat.png,"ElizaWy,Stephen Challener (Redshrike),JaidynReiman ",OGA-BY 3.0 ,https://opengameart.org/content/lpc-wings-new-animations ,"Original by ElizaWy, added to most remaining frames by JaidynReiman "
body/wings/feathered/adult/fg/1h_backslash.png,"ElizaWy,Stephen Challener (Redshrike),JaidynReiman ",OGA-BY 3.0 ,https://opengameart.org/content/lpc-wings-new-animations ,"Original by ElizaWy, added to most remaining frames by JaidynReiman "
body/wings/feathered/adult/bg/1h_backslash.png,"ElizaWy,Stephen Challener (Redshrike),JaidynReiman ",OGA-BY 3.0 ,https://opengameart.org/content/lpc-wings-new-animations ,"Original by ElizaWy, added to most remaining frames by JaidynReiman "
body/wings/feathered/adult/fg/1h_halfslash.png,"ElizaWy,Stephen Challener (Redshrike),JaidynReiman ",OGA-BY 3.0 ,https://opengameart.org/content/lpc-wings-new-animations ,"Original by ElizaWy, added to most remaining frames by JaidynReiman "
body/wings/feathered/adult/bg/1h_halfslash.png,"ElizaWy,Stephen Challener (Redshrike),JaidynReiman ",OGA-BY 3.0 ,https://opengameart.org/content/lpc-wings-new-animations ,"Original by ElizaWy, added to most remaining frames by JaidynReiman "
body/wings/lunar/fg/spellcast.png,The Foreman ,"OGA-BY 4.0,CC-BY-SA 4.0 ",https://opengameart.org/content/lpc-fairy-wings-pack-2 ,"In dedication to my grandmother, Sharon Rowe "
body/wings/lunar/bg/spellcast.png,The Foreman ,"OGA-BY 4.0,CC-BY-SA 4.0 ",https://opengameart.org/content/lpc-fairy-wings-pack-2 ,"In dedication to my grandmother, Sharon Rowe "
body/wings/lunar/fg/thrust.png,The Foreman ,"OGA-BY 4.0,CC-BY-SA 4.0 ",https://opengameart.org/content/lpc-fairy-wings-pack-2 ,"In dedication to my grandmother, Sharon Rowe "
body/wings/lunar/bg/thrust.png,The Foreman ,"OGA-BY 4.0,CC-BY-SA 4.0 ",https://opengameart.org/content/lpc-fairy-wings-pack-2 ,"In dedication to my grandmother, Sharon Rowe "
body/wings/lunar/fg/walk.png,The Foreman ,"OGA-BY 4.0,CC-BY-SA 4.0 ",https://opengameart.org/content/lpc-fairy-wings-pack-2 ,"In dedication to my grandmother, Sharon Rowe "
body/wings/lunar/bg/walk.png,The Foreman ,"OGA-BY 4.0,CC-BY-SA 4.0 ",https://opengameart.org/content/lpc-fairy-wings-pack-2 ,"In dedication to my grandmother, Sharon Rowe "
body/wings/lunar/fg/slash.png,The Foreman ,"OGA-BY 4.0,CC-BY-SA 4.0 ",https://opengameart.org/content/lpc-fairy-wings-pack-2 ,"In dedication to my grandmother, Sharon Rowe "
body/wings/lunar/bg/slash.png,The Foreman ,"OGA-BY 4.0,CC-BY-SA 4.0 ",https://opengameart.org/content/lpc-fairy-wings-pack-2 ,"In dedication to my grandmother, Sharon Rowe "
body/wings/lunar/fg/shoot.png,The Foreman ,"OGA-BY 4.0,CC-BY-SA 4.0 ",https://opengameart.org/content/lpc-fairy-wings-pack-2 ,"In dedication to my grandmother, Sharon Rowe "
body/wings/lunar/bg/shoot.png,The Foreman ,"OGA-BY 4.0,CC-BY-SA 4.0 ",https://opengameart.org/content/lpc-fairy-wings-pack-2 ,"In dedication to my grandmother, Sharon Rowe "
body/wings/lunar/fg/hurt.png,The Foreman ,"OGA-BY 4.0,CC-BY-SA 4.0 ",https://opengameart.org/content/lpc-fairy-wings-pack-2 ,"In dedication to my grandmother, Sharon Rowe "
body/wings/lunar/bg/hurt.png,The Foreman ,"OGA-BY 4.0,CC-BY-SA 4.0 ",https://opengameart.org/content/lpc-fairy-wings-pack-2 ,"In dedication to my grandmother, Sharon Rowe "
neck/capetie/male/spellcast.png,"bluecarrot16,JaidynReiman ","OGA-BY 3.0,CC-BY-SA 3.0,GPL 3.0 ",https://opengameart.org/content/lpc-curly-hair-elven-ears-white-cape-with-blue-trim-and-more ,adapted to male body and v3 bases by bluecarrot16 
neck/capetie/thin/spellcast.png,"bluecarrot16,JaidynReiman ","OGA-BY 3.0,CC-BY-SA 3.0,GPL 3.0 ",https://opengameart.org/content/lpc-curly-hair-elven-ears-white-cape-with-blue-trim-and-more ,adapted to male body and v3 bases by bluecarrot16 
neck/capetie/male/thrust.png,"bluecarrot16,JaidynReiman ","OGA-BY 3.0,CC-BY-SA 3.0,GPL 3.0 ",https://opengameart.org/content/lpc-curly-hair-elven-ears-white-cape-with-blue-trim-and-more ,adapted to male body and v3 bases by bluecarrot16 
neck/capetie/thin/thrust.png,"bluecarrot16,JaidynReiman ","OGA-BY 3.0,CC-BY-SA 3.0,GPL 3.0 ",https://opengameart.org/content/lpc-curly-hair-elven-ears-white-cape-with-blue-trim-and-more ,adapted to male body and v3 bases by bluecarrot16 
neck/capetie/male/walk.png,"bluecarrot16,JaidynReiman ","OGA-BY 3.0,CC-BY-SA 3.0,GPL 3.0 ",https://opengameart.org/content/lpc-curly-hair-elven-ears-white-cape-with-blue-trim-and-more ,adapted to male body and v3 bases by bluecarrot16 
neck/capetie/thin/walk.png,"bluecarrot16,JaidynReiman ","OGA-BY 3.0,CC-BY-SA 3.0,GPL 3.0 ",https://opengameart.org/content/lpc-curly-hair-elven-ears-white-cape-with-blue-trim-and-more ,adapted to male body and v3 bases by bluecarrot16 
neck/capetie/male/slash.png,"bluecarrot16,JaidynReiman ","OGA-BY 3.0,CC-BY-SA 3.0,GPL 3.0 ",https://opengameart.org/content/lpc-curly-hair-elven-ears-white-cape-with-blue-trim-and-more ,adapted to male body and v3 bases by bluecarrot16 
neck/capetie/thin/slash.png,"bluecarrot16,JaidynReiman ","OGA-BY 3.0,CC-BY-SA 3.0,GPL 3.0 ",https://opengameart.org/content/lpc-curly-hair-elven-ears-white-cape-with-blue-trim-and-more ,adapted to male body and v3 bases by bluecarrot16 
neck/capetie/male/shoot.png,"bluecarrot16,JaidynReiman ","OGA-BY 3.0,CC-BY-SA 3.0,GPL 3.0 ",https://opengameart.org/content/lpc-curly-hair-elven-ears-white-cape-with-blue-trim-and-more ,adapted to male body and v3 bases by bluecarrot16 
neck/capetie/thin/shoot.png,"bluecarrot16,JaidynReiman ","OGA-BY 3.0,CC-BY-SA 3.0,GPL 3.0 ",https://opengameart.org/content/lpc-curly-hair-elven-ears-white-cape-with-blue-trim-and-more ,adapted to male body and v3 bases by bluecarrot16 
neck/capetie/male/hurt.png,"bluecarrot16,JaidynReiman ","OGA-BY 3.0,CC-BY-SA 3.0,GPL 3.0 ",https://opengameart.org/content/lpc-curly-hair-elven-ears-white-cape-with-blue-trim-and-more ,adapted to male body and v3 bases by bluecarrot16 
neck/capetie/thin/hurt.png,"bluecarrot16,JaidynReiman ","OGA-BY 3.0,CC-BY-SA 3.0,GPL 3.0 ",https://opengameart.org/content/lpc-curly-hair-elven-ears-white-cape-with-blue-trim-and-more ,adapted to male body and v3 bases by bluecarrot16 
neck/capetie/male/idle.png,"bluecarrot16,JaidynReiman ","OGA-BY 3.0,CC-BY-SA 3.0,GPL 3.0 ",https://opengameart.org/content/lpc-curly-hair-elven-ears-white-cape-with-blue-trim-and-more ,adapted to male body and v3 bases by bluecarrot16 
neck/capetie/thin/idle.png,"bluecarrot16,JaidynReiman ","OGA-BY 3.0,CC-BY-SA 3.0,GPL 3.0 ",https://opengameart.org/content/lpc-curly-hair-elven-ears-white-cape-with-blue-trim-and-more ,adapted to male body and v3 bases by bluecarrot16 
neck/capetie/male/jump.png,"bluecarrot16,JaidynReiman ","OGA-BY 3.0,CC-BY-SA 3.0,GPL 3.0 ",https://opengameart.org/content/lpc-curly-hair-elven-ears-white-cape-with-blue-trim-and-more ,adapted to male body and v3 bases by bluecarrot16 
neck/capetie/thin/jump.png,"bluecarrot16,JaidynReiman ","OGA-BY 3.0,CC-BY-SA 3.0,GPL 3.0 ",https://opengameart.org/content/lpc-curly-hair-elven-ears-white-cape-with-blue-trim-and-more ,adapted to male body and v3 bases by bluecarrot16 
neck/capetie/male/run.png,"bluecarrot16,JaidynReiman ","OGA-BY 3.0,CC-BY-SA 3.0,GPL 3.0 ",https://opengameart.org/content/lpc-curly-hair-elven-ears-white-cape-with-blue-trim-and-more ,adapted to male body and v3 bases by bluecarrot16 
neck/capetie/thin/run.png,"bluecarrot16,JaidynReiman ","OGA-BY 3.0,CC-BY-SA 3.0,GPL 3.0 ",https://opengameart.org/content/lpc-curly-hair-elven-ears-white-cape-with-blue-trim-and-more ,adapted to male body and v3 bases by bluecarrot16 
neck/capetie/male/sit.png,"bluecarrot16,JaidynReiman ","OGA-BY 3.0,CC-BY-SA 3.0,GPL 3.0 ",https://opengameart.org/content/lpc-curly-hair-elven-ears-white-cape-with-blue-trim-and-more ,adapted to male body and v3 bases by bluecarrot16 
neck/capetie/thin/sit.png,"bluecarrot16,JaidynReiman ","OGA-BY 3.0,CC-BY-SA 3.0,GPL 3.0 ",https://opengameart.org/content/lpc-curly-hair-elven-ears-white-cape-with-blue-trim-and-more ,adapted to male body and v3 bases by bluecarrot16 
neck/capetie/male/emote.png,"bluecarrot16,JaidynReiman ","OGA-BY 3.0,CC-BY-SA 3.0,GPL 3.0 ",https://opengameart.org/content/lpc-curly-hair-elven-ears-white-cape-with-blue-trim-and-more ,adapted to male body and v3 bases by bluecarrot16 
neck/capetie/thin/emote.png,"bluecarrot16,JaidynReiman ","OGA-BY 3.0,CC-BY-SA 3.0,GPL 3.0 ",https://opengameart.org/content/lpc-curly-hair-elven-ears-white-cape-with-blue-trim-and-more ,adapted to male body and v3 bases by bluecarrot16 
neck/necklace/beaded_large/male/spellcast.png,bluecarrot16 ,CC0 ,https://opengameart.org/content/lpc-jewelry , 
neck/necklace/beaded_large/thin/spellcast.png,bluecarrot16 ,CC0 ,https://opengameart.org/content/lpc-jewelry , 
neck/necklace/beaded_large/male/thrust.png,bluecarrot16 ,CC0 ,https://opengameart.org/content/lpc-jewelry , 
neck/necklace/beaded_large/thin/thrust.png,bluecarrot16 ,CC0 ,https://opengameart.org/content/lpc-jewelry , 
neck/necklace/beaded_large/male/walk.png,bluecarrot16 ,CC0 ,https://opengameart.org/content/lpc-jewelry , 
neck/necklace/beaded_large/thin/walk.png,bluecarrot16 ,CC0 ,https://opengameart.org/content/lpc-jewelry , 
neck/necklace/beaded_large/male/slash.png,bluecarrot16 ,CC0 ,https://opengameart.org/content/lpc-jewelry , 
neck/necklace/beaded_large/thin/slash.png,bluecarrot16 ,CC0 ,https://opengameart.org/content/lpc-jewelry , 
neck/necklace/beaded_large/male/shoot.png,bluecarrot16 ,CC0 ,https://opengameart.org/content/lpc-jewelry , 
neck/necklace/beaded_large/thin/shoot.png,bluecarrot16 ,CC0 ,https://opengameart.org/content/lpc-jewelry , 
neck/necklace/beaded_large/male/hurt.png,bluecarrot16 ,CC0 ,https://opengameart.org/content/lpc-jewelry , 
neck/necklace/beaded_large/thin/hurt.png,bluecarrot16 ,CC0 ,https://opengameart.org/content/lpc-jewelry , 
neck/necklace/beaded_large/male/idle.png,bluecarrot16 ,CC0 ,https://opengameart.org/content/lpc-jewelry , 
neck/necklace/beaded_large/thin/idle.png,bluecarrot16 ,CC0 ,https://opengameart.org/content/lpc-jewelry , 
neck/necklace/beaded_large/male/jump.png,bluecarrot16 ,CC0 ,https://opengameart.org/content/lpc-jewelry , 
neck/necklace/beaded_large/thin/jump.png,bluecarrot16 ,CC0 ,https://opengameart.org/content/lpc-jewelry , 
neck/necklace/beaded_large/male/run.png,bluecarrot16 ,CC0 ,https://opengameart.org/content/lpc-jewelry , 
neck/necklace/beaded_large/thin/run.png,bluecarrot16 ,CC0 ,https://opengameart.org/content/lpc-jewelry , 
neck/necklace/beaded_large/male/sit.png,bluecarrot16 ,CC0 ,https://opengameart.org/content/lpc-jewelry , 
neck/necklace/beaded_large/thin/sit.png,bluecarrot16 ,CC0 ,https://opengameart.org/content/lpc-jewelry , 
neck/necklace/beaded_large/male/emote.png,bluecarrot16 ,CC0 ,https://opengameart.org/content/lpc-jewelry , 
neck/necklace/beaded_large/thin/emote.png,bluecarrot16 ,CC0 ,https://opengameart.org/content/lpc-jewelry , 
neck/scarf/spellcast.png,"Nila122,JaidynReiman,Johannes Sjölund (wulax),Stephen Challener (Redshrike) ","OGA-SA 3.0,CC-BY-SA 3.0,GPL 2.0,GPL 3.0 ",https://opengameart.org/content/more-lpc-clothes-and-hair ,"Original by Nila122, climb/sit/emote/jump/run animations by JaidynReiman "
neck/scarf/thrust.png,"Nila122,JaidynReiman,Johannes Sjölund (wulax),Stephen Challener (Redshrike) ","OGA-SA 3.0,CC-BY-SA 3.0,GPL 2.0,GPL 3.0 ",https://opengameart.org/content/more-lpc-clothes-and-hair ,"Original by Nila122, climb/sit/emote/jump/run animations by JaidynReiman "
neck/scarf/walk.png,"Nila122,JaidynReiman,Johannes Sjölund (wulax),Stephen Challener (Redshrike) ","OGA-SA 3.0,CC-BY-SA 3.0,GPL 2.0,GPL 3.0 ",https://opengameart.org/content/more-lpc-clothes-and-hair ,"Original by Nila122, climb/sit/emote/jump/run animations by JaidynReiman "
neck/scarf/slash.png,"Nila122,JaidynReiman,Johannes Sjölund (wulax),Stephen Challener (Redshrike) ","OGA-SA 3.0,CC-BY-SA 3.0,GPL 2.0,GPL 3.0 ",https://opengameart.org/content/more-lpc-clothes-and-hair ,"Original by Nila122, climb/sit/emote/jump/run animations by JaidynReiman "
neck/scarf/shoot.png,"Nila122,JaidynReiman,Johannes Sjölund (wulax),Stephen Challener (Redshrike) ","OGA-SA 3.0,CC-BY-SA 3.0,GPL 2.0,GPL 3.0 ",https://opengameart.org/content/more-lpc-clothes-and-hair ,"Original by Nila122, climb/sit/emote/jump/run animations by JaidynReiman "
neck/scarf/hurt.png,"Nila122,JaidynReiman,Johannes Sjölund (wulax),Stephen Challener (Redshrike) ","OGA-SA 3.0,CC-BY-SA 3.0,GPL 2.0,GPL 3.0 ",https://opengameart.org/content/more-lpc-clothes-and-hair ,"Original by Nila122, climb/sit/emote/jump/run animations by JaidynReiman "
neck/scarf/idle.png,"Nila122,JaidynReiman,Johannes Sjölund (wulax),Stephen Challener (Redshrike) ","OGA-SA 3.0,CC-BY-SA 3.0,GPL 2.0,GPL 3.0 ",https://opengameart.org/content/more-lpc-clothes-and-hair ,"Original by Nila122, climb/sit/emote/jump/run animations by JaidynReiman "
neck/scarf/jump.png,"Nila122,JaidynReiman,Johannes Sjölund (wulax),Stephen Challener (Redshrike) ","OGA-SA 3.0,CC-BY-SA 3.0,GPL 2.0,GPL 3.0 ",https://opengameart.org/content/more-lpc-clothes-and-hair ,"Original by Nila122, climb/sit/emote/jump/run animations by JaidynReiman "
neck/scarf/run.png,"Nila122,JaidynReiman,Johannes Sjölund (wulax),Stephen Challener (Redshrike) ","OGA-SA 3.0,CC-BY-SA 3.0,GPL 2.0,GPL 3.0 ",https://opengameart.org/content/more-lpc-clothes-and-hair ,"Original by Nila122, climb/sit/emote/jump/run animations by JaidynReiman "
neck/scarf/sit.png,"Nila122,JaidynReiman,Johannes Sjölund (wulax),Stephen Challener (Redshrike) ","OGA-SA 3.0,CC-BY-SA 3.0,GPL 2.0,GPL 3.0 ",https://opengameart.org/content/more-lpc-clothes-and-hair ,"Original by Nila122, climb/sit/emote/jump/run animations by JaidynReiman "
neck/scarf/emote.png,"Nila122,JaidynReiman,Johannes Sjölund (wulax),Stephen Challener (Redshrike) ","OGA-SA 3.0,CC-BY-SA 3.0,GPL 2.0,GPL 3.0 ",https://opengameart.org/content/more-lpc-clothes-and-hair ,"Original by Nila122, climb/sit/emote/jump/run animations by JaidynReiman "
neck/amulet/spider/male/spellcast.png,bluecarrot16 ,CC0 ,https://opengameart.org/content/lpc-jewelry , 
neck/amulet/spider/female/spellcast.png,bluecarrot16 ,CC0 ,https://opengameart.org/content/lpc-jewelry , 
neck/amulet/spider/male/thrust.png,bluecarrot16 ,CC0 ,https://opengameart.org/content/lpc-jewelry , 
neck/amulet/spider/female/thrust.png,bluecarrot16 ,CC0 ,https://opengameart.org/content/lpc-jewelry , 
neck/amulet/spider/male/walk.png,bluecarrot16 ,CC0 ,https://opengameart.org/content/lpc-jewelry , 
neck/amulet/spider/female/walk.png,bluecarrot16 ,CC0 ,https://opengameart.org/content/lpc-jewelry , 
neck/amulet/spider/male/slash.png,bluecarrot16 ,CC0 ,https://opengameart.org/content/lpc-jewelry , 
neck/amulet/spider/female/slash.png,bluecarrot16 ,CC0 ,https://opengameart.org/content/lpc-jewelry , 
neck/amulet/spider/male/shoot.png,bluecarrot16 ,CC0 ,https://opengameart.org/content/lpc-jewelry , 
neck/amulet/spider/female/shoot.png,bluecarrot16 ,CC0 ,https://opengameart.org/content/lpc-jewelry , 
neck/amulet/spider/male/hurt.png,bluecarrot16 ,CC0 ,https://opengameart.org/content/lpc-jewelry , 
neck/amulet/spider/female/hurt.png,bluecarrot16 ,CC0 ,https://opengameart.org/content/lpc-jewelry , 
neck/amulet/spider/male/idle.png,bluecarrot16 ,CC0 ,https://opengameart.org/content/lpc-jewelry , 
neck/amulet/spider/female/idle.png,bluecarrot16 ,CC0 ,https://opengameart.org/content/lpc-jewelry , 
neck/amulet/star/male/spellcast.png,"bluecarrot16,AntumDeluge,7Soul ",CC0 ,"https://www.deviantart.com/7soul1/art/129892453,https://opengameart.org/content/cc0-jewelry-icons,https://opengameart.org/content/lpc-jewelry ", 
neck/amulet/star/female/spellcast.png,"bluecarrot16,AntumDeluge,7Soul ",CC0 ,"https://www.deviantart.com/7soul1/art/129892453,https://opengameart.org/content/cc0-jewelry-icons,https://opengameart.org/content/lpc-jewelry ", 
neck/amulet/star/male/thrust.png,"bluecarrot16,AntumDeluge,7Soul ",CC0 ,"https://www.deviantart.com/7soul1/art/129892453,https://opengameart.org/content/cc0-jewelry-icons,https://opengameart.org/content/lpc-jewelry ", 
neck/amulet/star/female/thrust.png,"bluecarrot16,AntumDeluge,7Soul ",CC0 ,"https://www.deviantart.com/7soul1/art/129892453,https://opengameart.org/content/cc0-jewelry-icons,https://opengameart.org/content/lpc-jewelry ", 
neck/amulet/star/male/walk.png,"bluecarrot16,AntumDeluge,7Soul ",CC0 ,"https://www.deviantart.com/7soul1/art/129892453,https://opengameart.org/content/cc0-jewelry-icons,https://opengameart.org/content/lpc-jewelry ", 
neck/amulet/star/female/walk.png,"bluecarrot16,AntumDeluge,7Soul ",CC0 ,"https://www.deviantart.com/7soul1/art/129892453,https://opengameart.org/content/cc0-jewelry-icons,https://opengameart.org/content/lpc-jewelry ", 
neck/amulet/star/male/slash.png,"bluecarrot16,AntumDeluge,7Soul ",CC0 ,"https://www.deviantart.com/7soul1/art/129892453,https://opengameart.org/content/cc0-jewelry-icons,https://opengameart.org/content/lpc-jewelry ", 
neck/amulet/star/female/slash.png,"bluecarrot16,AntumDeluge,7Soul ",CC0 ,"https://www.deviantart.com/7soul1/art/129892453,https://opengameart.org/content/cc0-jewelry-icons,https://opengameart.org/content/lpc-jewelry ", 
neck/amulet/star/male/shoot.png,"bluecarrot16,AntumDeluge,7Soul ",CC0 ,"https://www.deviantart.com/7soul1/art/129892453,https://opengameart.org/content/cc0-jewelry-icons,https://opengameart.org/content/lpc-jewelry ", 
neck/amulet/star/female/shoot.png,"bluecarrot16,AntumDeluge,7Soul ",CC0 ,"https://www.deviantart.com/7soul1/art/129892453,https://opengameart.org/content/cc0-jewelry-icons,https://opengameart.org/content/lpc-jewelry ", 
neck/amulet/star/male/hurt.png,"bluecarrot16,AntumDeluge,7Soul ",CC0 ,"https://www.deviantart.com/7soul1/art/129892453,https://opengameart.org/content/cc0-jewelry-icons,https://opengameart.org/content/lpc-jewelry ", 
neck/amulet/star/female/hurt.png,"bluecarrot16,AntumDeluge,7Soul ",CC0 ,"https://www.deviantart.com/7soul1/art/129892453,https://opengameart.org/content/cc0-jewelry-icons,https://opengameart.org/content/lpc-jewelry ", 
neck/amulet/star/male/idle.png,"bluecarrot16,AntumDeluge,7Soul ",CC0 ,"https://www.deviantart.com/7soul1/art/129892453,https://opengameart.org/content/cc0-jewelry-icons,https://opengameart.org/content/lpc-jewelry ", 
neck/amulet/star/female/idle.png,"bluecarrot16,AntumDeluge,7Soul ",CC0 ,"https://www.deviantart.com/7soul1/art/129892453,https://opengameart.org/content/cc0-jewelry-icons,https://opengameart.org/content/lpc-jewelry ", 
neck/charm/box/male/spellcast.png,bluecarrot16 ,CC0 ,https://opengameart.org/content/lpc-jewelry , 
neck/charm/box/female/spellcast.png,bluecarrot16 ,CC0 ,https://opengameart.org/content/lpc-jewelry , 
neck/charm/box/male/thrust.png,bluecarrot16 ,CC0 ,https://opengameart.org/content/lpc-jewelry , 
neck/charm/box/female/thrust.png,bluecarrot16 ,CC0 ,https://opengameart.org/content/lpc-jewelry , 
neck/charm/box/male/walk.png,bluecarrot16 ,CC0 ,https://opengameart.org/content/lpc-jewelry , 
neck/charm/box/female/walk.png,bluecarrot16 ,CC0 ,https://opengameart.org/content/lpc-jewelry , 
neck/charm/box/male/slash.png,bluecarrot16 ,CC0 ,https://opengameart.org/content/lpc-jewelry , 
neck/charm/box/female/slash.png,bluecarrot16 ,CC0 ,https://opengameart.org/content/lpc-jewelry , 
neck/charm/box/male/shoot.png,bluecarrot16 ,CC0 ,https://opengameart.org/content/lpc-jewelry , 
neck/charm/box/female/shoot.png,bluecarrot16 ,CC0 ,https://opengameart.org/content/lpc-jewelry , 
neck/charm/box/male/hurt.png,bluecarrot16 ,CC0 ,https://opengameart.org/content/lpc-jewelry , 
neck/charm/box/female/hurt.png,bluecarrot16 ,CC0 ,https://opengameart.org/content/lpc-jewelry , 
neck/charm/box/male/idle.png,bluecarrot16 ,CC0 ,https://opengameart.org/content/lpc-jewelry , 
neck/charm/box/female/idle.png,bluecarrot16 ,CC0 ,https://opengameart.org/content/lpc-jewelry , 
neck/charm/star/male/spellcast.png,bluecarrot16 ,CC0 ,https://opengameart.org/content/lpc-jewelry , 
neck/charm/star/female/spellcast.png,bluecarrot16 ,CC0 ,https://opengameart.org/content/lpc-jewelry , 
neck/charm/star/male/thrust.png,bluecarrot16 ,CC0 ,https://opengameart.org/content/lpc-jewelry , 
neck/charm/star/female/thrust.png,bluecarrot16 ,CC0 ,https://opengameart.org/content/lpc-jewelry , 
neck/charm/star/male/walk.png,bluecarrot16 ,CC0 ,https://opengameart.org/content/lpc-jewelry , 
neck/charm/star/female/walk.png,bluecarrot16 ,CC0 ,https://opengameart.org/content/lpc-jewelry , 
neck/charm/star/male/slash.png,bluecarrot16 ,CC0 ,https://opengameart.org/content/lpc-jewelry , 
neck/charm/star/female/slash.png,bluecarrot16 ,CC0 ,https://opengameart.org/content/lpc-jewelry , 
neck/charm/star/male/shoot.png,bluecarrot16 ,CC0 ,https://opengameart.org/content/lpc-jewelry , 
neck/charm/star/female/shoot.png,bluecarrot16 ,CC0 ,https://opengameart.org/content/lpc-jewelry , 
neck/charm/star/male/hurt.png,bluecarrot16 ,CC0 ,https://opengameart.org/content/lpc-jewelry , 
neck/charm/star/female/hurt.png,bluecarrot16 ,CC0 ,https://opengameart.org/content/lpc-jewelry , 
neck/charm/star/male/idle.png,bluecarrot16 ,CC0 ,https://opengameart.org/content/lpc-jewelry , 
neck/charm/star/female/idle.png,bluecarrot16 ,CC0 ,https://opengameart.org/content/lpc-jewelry , 
neck/gem/round/male/spellcast.png,bluecarrot16 ,CC0 ,https://opengameart.org/content/lpc-jewelry , 
neck/gem/round/female/spellcast.png,bluecarrot16 ,CC0 ,https://opengameart.org/content/lpc-jewelry , 
neck/gem/round/male/thrust.png,bluecarrot16 ,CC0 ,https://opengameart.org/content/lpc-jewelry , 
neck/gem/round/female/thrust.png,bluecarrot16 ,CC0 ,https://opengameart.org/content/lpc-jewelry , 
neck/gem/round/male/walk.png,bluecarrot16 ,CC0 ,https://opengameart.org/content/lpc-jewelry , 
neck/gem/round/female/walk.png,bluecarrot16 ,CC0 ,https://opengameart.org/content/lpc-jewelry , 
neck/gem/round/male/slash.png,bluecarrot16 ,CC0 ,https://opengameart.org/content/lpc-jewelry , 
neck/gem/round/female/slash.png,bluecarrot16 ,CC0 ,https://opengameart.org/content/lpc-jewelry , 
neck/gem/round/male/shoot.png,bluecarrot16 ,CC0 ,https://opengameart.org/content/lpc-jewelry , 
neck/gem/round/female/shoot.png,bluecarrot16 ,CC0 ,https://opengameart.org/content/lpc-jewelry , 
neck/gem/round/male/hurt.png,bluecarrot16 ,CC0 ,https://opengameart.org/content/lpc-jewelry , 
neck/gem/round/female/hurt.png,bluecarrot16 ,CC0 ,https://opengameart.org/content/lpc-jewelry , 
neck/gem/round/male/idle.png,bluecarrot16 ,CC0 ,https://opengameart.org/content/lpc-jewelry , 
neck/gem/round/female/idle.png,bluecarrot16 ,CC0 ,https://opengameart.org/content/lpc-jewelry , 
arms/hands/gloves/male/idle.png,"Michael Whitlock (bigbeargames),Matthew Krohn (makrohn),Johannes Sjölund (wulax),bluecarrot16,JaidynReiman ","OGA-BY 3.0,CC-BY-SA 3.0,GPL 3.0 ","https://opengameart.org/content/lpc-medieval-fantasy-character-sprites,http://opengameart.org/content/lpc-clothing-updates ","metal gloves by wulax, recolors by bigbeargames, adapted to v3 bases by bluecarrot16, added to expanded animations by JaidynReiman "
arms/hands/gloves/thin/idle.png,"Michael Whitlock (bigbeargames),Matthew Krohn (makrohn),Johannes Sjölund (wulax),bluecarrot16,JaidynReiman ","OGA-BY 3.0,CC-BY-SA 3.0,GPL 3.0 ","https://opengameart.org/content/lpc-medieval-fantasy-character-sprites,http://opengameart.org/content/lpc-clothing-updates ","metal gloves by wulax, extended to female base by makrohn, recolors by bigbeargames, adapted to v3 bases by bluecarrot16, added to expanded animations by JaidynReiman "
arms/hands/gloves/male/jump.png,"Michael Whitlock (bigbeargames),Matthew Krohn (makrohn),Johannes Sjölund (wulax),bluecarrot16,JaidynReiman ","OGA-BY 3.0,CC-BY-SA 3.0,GPL 3.0 ","https://opengameart.org/content/lpc-medieval-fantasy-character-sprites,http://opengameart.org/content/lpc-clothing-updates ","metal gloves by wulax, recolors by bigbeargames, adapted to v3 bases by bluecarrot16, added to expanded animations by JaidynReiman "
arms/hands/gloves/thin/jump.png,"Michael Whitlock (bigbeargames),Matthew Krohn (makrohn),Johannes Sjölund (wulax),bluecarrot16,JaidynReiman ","OGA-BY 3.0,CC-BY-SA 3.0,GPL 3.0 ","https://opengameart.org/content/lpc-medieval-fantasy-character-sprites,http://opengameart.org/content/lpc-clothing-updates ","metal gloves by wulax, extended to female base by makrohn, recolors by bigbeargames, adapted to v3 bases by bluecarrot16, added to expanded animations by JaidynReiman "
arms/hands/gloves/male/run.png,"Michael Whitlock (bigbeargames),Matthew Krohn (makrohn),Johannes Sjölund (wulax),bluecarrot16,JaidynReiman ","OGA-BY 3.0,CC-BY-SA 3.0,GPL 3.0 ","https://opengameart.org/content/lpc-medieval-fantasy-character-sprites,http://opengameart.org/content/lpc-clothing-updates ","metal gloves by wulax, recolors by bigbeargames, adapted to v3 bases by bluecarrot16, added to expanded animations by JaidynReiman "
arms/hands/gloves/thin/run.png,"Michael Whitlock (bigbeargames),Matthew Krohn (makrohn),Johannes Sjölund (wulax),bluecarrot16,JaidynReiman ","OGA-BY 3.0,CC-BY-SA 3.0,GPL 3.0 ","https://opengameart.org/content/lpc-medieval-fantasy-character-sprites,http://opengameart.org/content/lpc-clothing-updates ","metal gloves by wulax, extended to female base by makrohn, recolors by bigbeargames, adapted to v3 bases by bluecarrot16, added to expanded animations by JaidynReiman "
arms/hands/gloves/male/sit.png,"Michael Whitlock (bigbeargames),Matthew Krohn (makrohn),Johannes Sjölund (wulax),bluecarrot16,JaidynReiman ","OGA-BY 3.0,CC-BY-SA 3.0,GPL 3.0 ","https://opengameart.org/content/lpc-medieval-fantasy-character-sprites,http://opengameart.org/content/lpc-clothing-updates ","metal gloves by wulax, recolors by bigbeargames, adapted to v3 bases by bluecarrot16, added to expanded animations by JaidynReiman "
arms/hands/gloves/thin/sit.png,"Michael Whitlock (bigbeargames),Matthew Krohn (makrohn),Johannes Sjölund (wulax),bluecarrot16,JaidynReiman ","OGA-BY 3.0,CC-BY-SA 3.0,GPL 3.0 ","https://opengameart.org/content/lpc-medieval-fantasy-character-sprites,http://opengameart.org/content/lpc-clothing-updates ","metal gloves by wulax, extended to female base by makrohn, recolors by bigbeargames, adapted to v3 bases by bluecarrot16, added to expanded animations by JaidynReiman "
arms/hands/gloves/male/emote.png,"Michael Whitlock (bigbeargames),Matthew Krohn (makrohn),Johannes Sjölund (wulax),bluecarrot16,JaidynReiman ","OGA-BY 3.0,CC-BY-SA 3.0,GPL 3.0 ","https://opengameart.org/content/lpc-medieval-fantasy-character-sprites,http://opengameart.org/content/lpc-clothing-updates ","metal gloves by wulax, recolors by bigbeargames, adapted to v3 bases by bluecarrot16, added to expanded animations by JaidynReiman "
arms/hands/gloves/thin/emote.png,"Michael Whitlock (bigbeargames),Matthew Krohn (makrohn),Johannes Sjölund (wulax),bluecarrot16,JaidynReiman ","OGA-BY 3.0,CC-BY-SA 3.0,GPL 3.0 ","https://opengameart.org/content/lpc-medieval-fantasy-character-sprites,http://opengameart.org/content/lpc-clothing-updates ","metal gloves by wulax, extended to female base by makrohn, recolors by bigbeargames, adapted to v3 bases by bluecarrot16, added to expanded animations by JaidynReiman "
arms/hands/gloves/male/climb.png,"Michael Whitlock (bigbeargames),Matthew Krohn (makrohn),Johannes Sjölund (wulax),bluecarrot16,JaidynReiman ","OGA-BY 3.0,CC-BY-SA 3.0,GPL 3.0 ","https://opengameart.org/content/lpc-medieval-fantasy-character-sprites,http://opengameart.org/content/lpc-clothing-updates ","metal gloves by wulax, recolors by bigbeargames, adapted to v3 bases by bluecarrot16, added to expanded animations by JaidynReiman "
arms/hands/gloves/thin/climb.png,"Michael Whitlock (bigbeargames),Matthew Krohn (makrohn),Johannes Sjölund (wulax),bluecarrot16,JaidynReiman ","OGA-BY 3.0,CC-BY-SA 3.0,GPL 3.0 ","https://opengameart.org/content/lpc-medieval-fantasy-character-sprites,http://opengameart.org/content/lpc-clothing-updates ","metal gloves by wulax, extended to female base by makrohn, recolors by bigbeargames, adapted to v3 bases by bluecarrot16, added to expanded animations by JaidynReiman "
arms/hands/gloves/male/combat.png,"Michael Whitlock (bigbeargames),Matthew Krohn (makrohn),Johannes Sjölund (wulax),bluecarrot16,JaidynReiman ","OGA-BY 3.0,CC-BY-SA 3.0,GPL 3.0 ","https://opengameart.org/content/lpc-medieval-fantasy-character-sprites,http://opengameart.org/content/lpc-clothing-updates ","metal gloves by wulax, recolors by bigbeargames, adapted to v3 bases by bluecarrot16, added to expanded animations by JaidynReiman "
arms/hands/gloves/thin/combat.png,"Michael Whitlock (bigbeargames),Matthew Krohn (makrohn),Johannes Sjölund (wulax),bluecarrot16,JaidynReiman ","OGA-BY 3.0,CC-BY-SA 3.0,GPL 3.0 ","https://opengameart.org/content/lpc-medieval-fantasy-character-sprites,http://opengameart.org/content/lpc-clothing-updates ","metal gloves by wulax, extended to female base by makrohn, recolors by bigbeargames, adapted to v3 bases by bluecarrot16, added to expanded animations by JaidynReiman "
arms/hands/gloves/male/1h_backslash.png,"Michael Whitlock (bigbeargames),Matthew Krohn (makrohn),Johannes Sjölund (wulax),bluecarrot16,JaidynReiman ","OGA-BY 3.0,CC-BY-SA 3.0,GPL 3.0 ","https://opengameart.org/content/lpc-medieval-fantasy-character-sprites,http://opengameart.org/content/lpc-clothing-updates ","metal gloves by wulax, recolors by bigbeargames, adapted to v3 bases by bluecarrot16, added to expanded animations by JaidynReiman "
arms/hands/gloves/thin/1h_backslash.png,"Michael Whitlock (bigbeargames),Matthew Krohn (makrohn),Johannes Sjölund (wulax),bluecarrot16,JaidynReiman ","OGA-BY 3.0,CC-BY-SA 3.0,GPL 3.0 ","https://opengameart.org/content/lpc-medieval-fantasy-character-sprites,http://opengameart.org/content/lpc-clothing-updates ","metal gloves by wulax, extended to female base by makrohn, recolors by bigbeargames, adapted to v3 bases by bluecarrot16, added to expanded animations by JaidynReiman "
arms/hands/gloves/male/1h_halfslash.png,"Michael Whitlock (bigbeargames),Matthew Krohn (makrohn),Johannes Sjölund (wulax),bluecarrot16,JaidynReiman ","OGA-BY 3.0,CC-BY-SA 3.0,GPL 3.0 ","https://opengameart.org/content/lpc-medieval-fantasy-character-sprites,http://opengameart.org/content/lpc-clothing-updates ","metal gloves by wulax, recolors by bigbeargames, adapted to v3 bases by bluecarrot16, added to expanded animations by JaidynReiman "
arms/hands/gloves/thin/1h_halfslash.png,"Michael Whitlock (bigbeargames),Matthew Krohn (makrohn),Johannes Sjölund (wulax),bluecarrot16,JaidynReiman ","OGA-BY 3.0,CC-BY-SA 3.0,GPL 3.0 ","https://opengameart.org/content/lpc-medieval-fantasy-character-sprites,http://opengameart.org/content/lpc-clothing-updates ","metal gloves by wulax, extended to female base by makrohn, recolors by bigbeargames, adapted to v3 bases by bluecarrot16, added to expanded animations by JaidynReiman "
shoulders/bauldron/male/spellcast.png,"Nila122,JaidynReiman ","GPL 2.0,GPL 3.0,OGA-BY 3.0,CC-BY-SA 3.0 ",https://opengameart.org/content/more-lpc-clothes-and-hair ,"Original by Nila122, climb/jump/sit/emote/run by JaidynReiman "
shoulders/bauldron/thin/spellcast.png,"Nila122,JaidynReiman ","GPL 2.0,GPL 3.0,OGA-BY 3.0,CC-BY-SA 3.0 ",https://opengameart.org/content/more-lpc-clothes-and-hair ,"Original by Nila122, climb/jump/sit/emote/run by JaidynReiman "
shoulders/bauldron/male/thrust.png,"Nila122,JaidynReiman ","GPL 2.0,GPL 3.0,OGA-BY 3.0,CC-BY-SA 3.0 ",https://opengameart.org/content/more-lpc-clothes-and-hair ,"Original by Nila122, climb/jump/sit/emote/run by JaidynReiman "
shoulders/bauldron/thin/thrust.png,"Nila122,JaidynReiman ","GPL 2.0,GPL 3.0,OGA-BY 3.0,CC-BY-SA 3.0 ",https://opengameart.org/content/more-lpc-clothes-and-hair ,"Original by Nila122, climb/jump/sit/emote/run by JaidynReiman "
shoulders/bauldron/male/walk.png,"Nila122,JaidynReiman ","GPL 2.0,GPL 3.0,OGA-BY 3.0,CC-BY-SA 3.0 ",https://opengameart.org/content/more-lpc-clothes-and-hair ,"Original by Nila122, climb/jump/sit/emote/run by JaidynReiman "
shoulders/bauldron/thin/walk.png,"Nila122,JaidynReiman ","GPL 2.0,GPL 3.0,OGA-BY 3.0,CC-BY-SA 3.0 ",https://opengameart.org/content/more-lpc-clothes-and-hair ,"Original by Nila122, climb/jump/sit/emote/run by JaidynReiman "
shoulders/bauldron/male/slash.png,"Nila122,JaidynReiman ","GPL 2.0,GPL 3.0,OGA-BY 3.0,CC-BY-SA 3.0 ",https://opengameart.org/content/more-lpc-clothes-and-hair ,"Original by Nila122, climb/jump/sit/emote/run by JaidynReiman "
shoulders/bauldron/thin/slash.png,"Nila122,JaidynReiman ","GPL 2.0,GPL 3.0,OGA-BY 3.0,CC-BY-SA 3.0 ",https://opengameart.org/content/more-lpc-clothes-and-hair ,"Original by Nila122, climb/jump/sit/emote/run by JaidynReiman "
shoulders/bauldron/male/shoot.png,"Nila122,JaidynReiman ","GPL 2.0,GPL 3.0,OGA-BY 3.0,CC-BY-SA 3.0 ",https://opengameart.org/content/more-lpc-clothes-and-hair ,"Original by Nila122, climb/jump/sit/emote/run by JaidynReiman "
shoulders/bauldron/thin/shoot.png,"Nila122,JaidynReiman ","GPL 2.0,GPL 3.0,OGA-BY 3.0,CC-BY-SA 3.0 ",https://opengameart.org/content/more-lpc-clothes-and-hair ,"Original by Nila122, climb/jump/sit/emote/run by JaidynReiman "
shoulders/bauldron/male/hurt.png,"Nila122,JaidynReiman ","GPL 2.0,GPL 3.0,OGA-BY 3.0,CC-BY-SA 3.0 ",https://opengameart.org/content/more-lpc-clothes-and-hair ,"Original by Nila122, climb/jump/sit/emote/run by JaidynReiman "
shoulders/bauldron/thin/hurt.png,"Nila122,JaidynReiman ","GPL 2.0,GPL 3.0,OGA-BY 3.0,CC-BY-SA 3.0 ",https://opengameart.org/content/more-lpc-clothes-and-hair ,"Original by Nila122, climb/jump/sit/emote/run by JaidynReiman "
shoulders/bauldron/male/climb.png,"Nila122,JaidynReiman ","GPL 2.0,GPL 3.0,OGA-BY 3.0,CC-BY-SA 3.0 ",https://opengameart.org/content/more-lpc-clothes-and-hair ,"Original by Nila122, climb/jump/sit/emote/run by JaidynReiman "
shoulders/bauldron/thin/climb.png,"Nila122,JaidynReiman ","GPL 2.0,GPL 3.0,OGA-BY 3.0,CC-BY-SA 3.0 ",https://opengameart.org/content/more-lpc-clothes-and-hair ,"Original by Nila122, climb/jump/sit/emote/run by JaidynReiman "
shoulders/bauldron/male/idle.png,"Nila122,JaidynReiman ","GPL 2.0,GPL 3.0,OGA-BY 3.0,CC-BY-SA 3.0 ",https://opengameart.org/content/more-lpc-clothes-and-hair ,"Original by Nila122, climb/jump/sit/emote/run by JaidynReiman "
shoulders/bauldron/thin/idle.png,"Nila122,JaidynReiman ","GPL 2.0,GPL 3.0,OGA-BY 3.0,CC-BY-SA 3.0 ",https://opengameart.org/content/more-lpc-clothes-and-hair ,"Original by Nila122, climb/jump/sit/emote/run by JaidynReiman "
shoulders/bauldron/male/jump.png,"Nila122,JaidynReiman ","GPL 2.0,GPL 3.0,OGA-BY 3.0,CC-BY-SA 3.0 ",https://opengameart.org/content/more-lpc-clothes-and-hair ,"Original by Nila122, climb/jump/sit/emote/run by JaidynReiman "
shoulders/bauldron/thin/jump.png,"Nila122,JaidynReiman ","GPL 2.0,GPL 3.0,OGA-BY 3.0,CC-BY-SA 3.0 ",https://opengameart.org/content/more-lpc-clothes-and-hair ,"Original by Nila122, climb/jump/sit/emote/run by JaidynReiman "
shoulders/bauldron/male/sit.png,"Nila122,JaidynReiman ","GPL 2.0,GPL 3.0,OGA-BY 3.0,CC-BY-SA 3.0 ",https://opengameart.org/content/more-lpc-clothes-and-hair ,"Original by Nila122, climb/jump/sit/emote/run by JaidynReiman "
shoulders/bauldron/thin/sit.png,"Nila122,JaidynReiman ","GPL 2.0,GPL 3.0,OGA-BY 3.0,CC-BY-SA 3.0 ",https://opengameart.org/content/more-lpc-clothes-and-hair ,"Original by Nila122, climb/jump/sit/emote/run by JaidynReiman "
shoulders/bauldron/male/emote.png,"Nila122,JaidynReiman ","GPL 2.0,GPL 3.0,OGA-BY 3.0,CC-BY-SA 3.0 ",https://opengameart.org/content/more-lpc-clothes-and-hair ,"Original by Nila122, climb/jump/sit/emote/run by JaidynReiman "
shoulders/bauldron/thin/emote.png,"Nila122,JaidynReiman ","GPL 2.0,GPL 3.0,OGA-BY 3.0,CC-BY-SA 3.0 ",https://opengameart.org/content/more-lpc-clothes-and-hair ,"Original by Nila122, climb/jump/sit/emote/run by JaidynReiman "
shoulders/bauldron/male/run.png,"Nila122,JaidynReiman ","GPL 2.0,GPL 3.0,OGA-BY 3.0,CC-BY-SA 3.0 ",https://opengameart.org/content/more-lpc-clothes-and-hair ,"Original by Nila122, climb/jump/sit/emote/run by JaidynReiman "
shoulders/bauldron/thin/run.png,"Nila122,JaidynReiman ","GPL 2.0,GPL 3.0,OGA-BY 3.0,CC-BY-SA 3.0 ",https://opengameart.org/content/more-lpc-clothes-and-hair ,"Original by Nila122, climb/jump/sit/emote/run by JaidynReiman "
arms/bracers/male/climb.png,"Matthew Krohn (makrohn),Johannes Sjölund (wulax),JaidynReiman ","OGA-BY 3.0,CC-BY-SA 3.0,GPL 3.0 ",https://opengameart.org/content/lpc-medieval-fantasy-character-sprites ,"original by wulax, adjustments by Makrohn, climb/emote/jump/sit/run by JaidynReiman "
arms/bracers/thin/climb.png,"Matthew Krohn (makrohn),Johannes Sjölund (wulax),JaidynReiman ","OGA-BY 3.0,CC-BY-SA 3.0,GPL 3.0 ",https://opengameart.org/content/lpc-medieval-fantasy-character-sprites ,"original by wulax, adjustments by Makrohn, climb/emote/jump/sit/run by JaidynReiman "
arms/bracers/male/idle.png,"Matthew Krohn (makrohn),Johannes Sjölund (wulax),JaidynReiman ","OGA-BY 3.0,CC-BY-SA 3.0,GPL 3.0 ",https://opengameart.org/content/lpc-medieval-fantasy-character-sprites ,"original by wulax, adjustments by Makrohn, climb/emote/jump/sit/run by JaidynReiman "
arms/bracers/thin/idle.png,"Matthew Krohn (makrohn),Johannes Sjölund (wulax),JaidynReiman ","OGA-BY 3.0,CC-BY-SA 3.0,GPL 3.0 ",https://opengameart.org/content/lpc-medieval-fantasy-character-sprites ,"original by wulax, adjustments by Makrohn, climb/emote/jump/sit/run by JaidynReiman "
arms/bracers/male/jump.png,"Matthew Krohn (makrohn),Johannes Sjölund (wulax),JaidynReiman ","OGA-BY 3.0,CC-BY-SA 3.0,GPL 3.0 ",https://opengameart.org/content/lpc-medieval-fantasy-character-sprites ,"original by wulax, adjustments by Makrohn, climb/emote/jump/sit/run by JaidynReiman "
arms/bracers/thin/jump.png,"Matthew Krohn (makrohn),Johannes Sjölund (wulax),JaidynReiman ","OGA-BY 3.0,CC-BY-SA 3.0,GPL 3.0 ",https://opengameart.org/content/lpc-medieval-fantasy-character-sprites ,"original by wulax, adjustments by Makrohn, climb/emote/jump/sit/run by JaidynReiman "
arms/bracers/male/sit.png,"Matthew Krohn (makrohn),Johannes Sjölund (wulax),JaidynReiman ","OGA-BY 3.0,CC-BY-SA 3.0,GPL 3.0 ",https://opengameart.org/content/lpc-medieval-fantasy-character-sprites ,"original by wulax, adjustments by Makrohn, climb/emote/jump/sit/run by JaidynReiman "
arms/bracers/thin/sit.png,"Matthew Krohn (makrohn),Johannes Sjölund (wulax),JaidynReiman ","OGA-BY 3.0,CC-BY-SA 3.0,GPL 3.0 ",https://opengameart.org/content/lpc-medieval-fantasy-character-sprites ,"original by wulax, adjustments by Makrohn, climb/emote/jump/sit/run by JaidynReiman "
arms/bracers/male/emote.png,"Matthew Krohn (makrohn),Johannes Sjölund (wulax),JaidynReiman ","OGA-BY 3.0,CC-BY-SA 3.0,GPL 3.0 ",https://opengameart.org/content/lpc-medieval-fantasy-character-sprites ,"original by wulax, adjustments by Makrohn, climb/emote/jump/sit/run by JaidynReiman "
arms/bracers/thin/emote.png,"Matthew Krohn (makrohn),Johannes Sjölund (wulax),JaidynReiman ","OGA-BY 3.0,CC-BY-SA 3.0,GPL 3.0 ",https://opengameart.org/content/lpc-medieval-fantasy-character-sprites ,"original by wulax, adjustments by Makrohn, climb/emote/jump/sit/run by JaidynReiman "
arms/bracers/male/run.png,"Matthew Krohn (makrohn),Johannes Sjölund (wulax),JaidynReiman ","OGA-BY 3.0,CC-BY-SA 3.0,GPL 3.0 ",https://opengameart.org/content/lpc-medieval-fantasy-character-sprites ,"original by wulax, adjustments by Makrohn, climb/emote/jump/sit/run by JaidynReiman "
arms/bracers/thin/run.png,"Matthew Krohn (makrohn),Johannes Sjölund (wulax),JaidynReiman ","OGA-BY 3.0,CC-BY-SA 3.0,GPL 3.0 ",https://opengameart.org/content/lpc-medieval-fantasy-character-sprites ,"original by wulax, adjustments by Makrohn, climb/emote/jump/sit/run by JaidynReiman "
arms/wrists/lace/male/spellcast.png,"bluecarrot16,JaidynReiman ",OGA-BY 3.0 ,https://opengameart.org/content/lpc-pirates ,"Original by bluecarrot16, climb/jump/sit/emote/run by JaidynReiman "
arms/wrists/lace/thin/spellcast.png,"bluecarrot16,JaidynReiman ",OGA-BY 3.0 ,https://opengameart.org/content/lpc-pirates ,"Original by bluecarrot16, female/teen version by JaidynReiman "
arms/wrists/lace/male/thrust.png,"bluecarrot16,JaidynReiman ",OGA-BY 3.0 ,https://opengameart.org/content/lpc-pirates ,"Original by bluecarrot16, climb/jump/sit/emote/run by JaidynReiman "
arms/wrists/lace/thin/thrust.png,"bluecarrot16,JaidynReiman ",OGA-BY 3.0 ,https://opengameart.org/content/lpc-pirates ,"Original by bluecarrot16, female/teen version by JaidynReiman "
arms/wrists/lace/male/walk.png,"bluecarrot16,JaidynReiman ",OGA-BY 3.0 ,https://opengameart.org/content/lpc-pirates ,"Original by bluecarrot16, climb/jump/sit/emote/run by JaidynReiman "
arms/wrists/lace/thin/walk.png,"bluecarrot16,JaidynReiman ",OGA-BY 3.0 ,https://opengameart.org/content/lpc-pirates ,"Original by bluecarrot16, female/teen version by JaidynReiman "
arms/wrists/lace/male/slash.png,"bluecarrot16,JaidynReiman ",OGA-BY 3.0 ,https://opengameart.org/content/lpc-pirates ,"Original by bluecarrot16, climb/jump/sit/emote/run by JaidynReiman "
arms/wrists/lace/thin/slash.png,"bluecarrot16,JaidynReiman ",OGA-BY 3.0 ,https://opengameart.org/content/lpc-pirates ,"Original by bluecarrot16, female/teen version by JaidynReiman "
arms/wrists/lace/male/shoot.png,"bluecarrot16,JaidynReiman ",OGA-BY 3.0 ,https://opengameart.org/content/lpc-pirates ,"Original by bluecarrot16, climb/jump/sit/emote/run by JaidynReiman "
arms/wrists/lace/thin/shoot.png,"bluecarrot16,JaidynReiman ",OGA-BY 3.0 ,https://opengameart.org/content/lpc-pirates ,"Original by bluecarrot16, female/teen version by JaidynReiman "
arms/wrists/lace/male/hurt.png,"bluecarrot16,JaidynReiman ",OGA-BY 3.0 ,https://opengameart.org/content/lpc-pirates ,"Original by bluecarrot16, climb/jump/sit/emote/run by JaidynReiman "
arms/wrists/lace/thin/hurt.png,"bluecarrot16,JaidynReiman ",OGA-BY 3.0 ,https://opengameart.org/content/lpc-pirates ,"Original by bluecarrot16, female/teen version by JaidynReiman "
arms/wrists/lace/male/idle.png,"bluecarrot16,JaidynReiman ",OGA-BY 3.0 ,https://opengameart.org/content/lpc-pirates ,"Original by bluecarrot16, climb/jump/sit/emote/run by JaidynReiman "
arms/wrists/lace/thin/idle.png,"bluecarrot16,JaidynReiman ",OGA-BY 3.0 ,https://opengameart.org/content/lpc-pirates ,"Original by bluecarrot16, female/teen version by JaidynReiman "
arms/wrists/lace/male/climb.png,"bluecarrot16,JaidynReiman ",OGA-BY 3.0 ,https://opengameart.org/content/lpc-pirates ,"Original by bluecarrot16, climb/jump/sit/emote/run by JaidynReiman "
arms/wrists/lace/thin/climb.png,"bluecarrot16,JaidynReiman ",OGA-BY 3.0 ,https://opengameart.org/content/lpc-pirates ,"Original by bluecarrot16, female/teen version by JaidynReiman "
arms/wrists/lace/male/jump.png,"bluecarrot16,JaidynReiman ",OGA-BY 3.0 ,https://opengameart.org/content/lpc-pirates ,"Original by bluecarrot16, climb/jump/sit/emote/run by JaidynReiman "
arms/wrists/lace/thin/jump.png,"bluecarrot16,JaidynReiman ",OGA-BY 3.0 ,https://opengameart.org/content/lpc-pirates ,"Original by bluecarrot16, female/teen version by JaidynReiman "
arms/wrists/lace/male/sit.png,"bluecarrot16,JaidynReiman ",OGA-BY 3.0 ,https://opengameart.org/content/lpc-pirates ,"Original by bluecarrot16, climb/jump/sit/emote/run by JaidynReiman "
arms/wrists/lace/thin/sit.png,"bluecarrot16,JaidynReiman ",OGA-BY 3.0 ,https://opengameart.org/content/lpc-pirates ,"Original by bluecarrot16, female/teen version by JaidynReiman "
arms/wrists/lace/male/emote.png,"bluecarrot16,JaidynReiman ",OGA-BY 3.0 ,https://opengameart.org/content/lpc-pirates ,"Original by bluecarrot16, climb/jump/sit/emote/run by JaidynReiman "
arms/wrists/lace/thin/emote.png,"bluecarrot16,JaidynReiman ",OGA-BY 3.0 ,https://opengameart.org/content/lpc-pirates ,"Original by bluecarrot16, female/teen version by JaidynReiman "
arms/wrists/lace/male/run.png,"bluecarrot16,JaidynReiman ",OGA-BY 3.0 ,https://opengameart.org/content/lpc-pirates ,"Original by bluecarrot16, climb/jump/sit/emote/run by JaidynReiman "
arms/wrists/lace/thin/run.png,"bluecarrot16,JaidynReiman ",OGA-BY 3.0 ,https://opengameart.org/content/lpc-pirates ,"Original by bluecarrot16, female/teen version by JaidynReiman "
arms/wrists/cuffs/male/spellcast.png,"bluecarrot16,JaidynReiman ",OGA-BY 3.0 ,https://opengameart.org/content/lpc-pirates ,"Original by bluecarrot16, climb/jump/sit/emote/run by JaidynReiman "
arms/wrists/cuffs/thin/spellcast.png,"bluecarrot16,JaidynReiman ",OGA-BY 3.0 ,https://opengameart.org/content/lpc-pirates ,"Original by bluecarrot16, female/teen version by JaidynReiman "
arms/wrists/cuffs/male/thrust.png,"bluecarrot16,JaidynReiman ",OGA-BY 3.0 ,https://opengameart.org/content/lpc-pirates ,"Original by bluecarrot16, climb/jump/sit/emote/run by JaidynReiman "
arms/wrists/cuffs/thin/thrust.png,"bluecarrot16,JaidynReiman ",OGA-BY 3.0 ,https://opengameart.org/content/lpc-pirates ,"Original by bluecarrot16, female/teen version by JaidynReiman "
arms/wrists/cuffs/male/walk.png,"bluecarrot16,JaidynReiman ",OGA-BY 3.0 ,https://opengameart.org/content/lpc-pirates ,"Original by bluecarrot16, climb/jump/sit/emote/run by JaidynReiman "
arms/wrists/cuffs/thin/walk.png,"bluecarrot16,JaidynReiman ",OGA-BY 3.0 ,https://opengameart.org/content/lpc-pirates ,"Original by bluecarrot16, female/teen version by JaidynReiman "
arms/wrists/cuffs/male/slash.png,"bluecarrot16,JaidynReiman ",OGA-BY 3.0 ,https://opengameart.org/content/lpc-pirates ,"Original by bluecarrot16, climb/jump/sit/emote/run by JaidynReiman "
arms/wrists/cuffs/thin/slash.png,"bluecarrot16,JaidynReiman ",OGA-BY 3.0 ,https://opengameart.org/content/lpc-pirates ,"Original by bluecarrot16, female/teen version by JaidynReiman "
arms/wrists/cuffs/male/shoot.png,"bluecarrot16,JaidynReiman ",OGA-BY 3.0 ,https://opengameart.org/content/lpc-pirates ,"Original by bluecarrot16, climb/jump/sit/emote/run by JaidynReiman "
arms/wrists/cuffs/thin/shoot.png,"bluecarrot16,JaidynReiman ",OGA-BY 3.0 ,https://opengameart.org/content/lpc-pirates ,"Original by bluecarrot16, female/teen version by JaidynReiman "
arms/wrists/cuffs/male/hurt.png,"bluecarrot16,JaidynReiman ",OGA-BY 3.0 ,https://opengameart.org/content/lpc-pirates ,"Original by bluecarrot16, climb/jump/sit/emote/run by JaidynReiman "
arms/wrists/cuffs/thin/hurt.png,"bluecarrot16,JaidynReiman ",OGA-BY 3.0 ,https://opengameart.org/content/lpc-pirates ,"Original by bluecarrot16, female/teen version by JaidynReiman "
arms/wrists/cuffs/male/idle.png,"bluecarrot16,JaidynReiman ",OGA-BY 3.0 ,https://opengameart.org/content/lpc-pirates ,"Original by bluecarrot16, climb/jump/sit/emote/run by JaidynReiman "
arms/wrists/cuffs/thin/idle.png,"bluecarrot16,JaidynReiman ",OGA-BY 3.0 ,https://opengameart.org/content/lpc-pirates ,"Original by bluecarrot16, female/teen version by JaidynReiman "
arms/wrists/cuffs/male/climb.png,"bluecarrot16,JaidynReiman ",OGA-BY 3.0 ,https://opengameart.org/content/lpc-pirates ,"Original by bluecarrot16, climb/jump/sit/emote/run by JaidynReiman "
arms/wrists/cuffs/thin/climb.png,"bluecarrot16,JaidynReiman ",OGA-BY 3.0 ,https://opengameart.org/content/lpc-pirates ,"Original by bluecarrot16, female/teen version by JaidynReiman "
arms/wrists/cuffs/male/jump.png,"bluecarrot16,JaidynReiman ",OGA-BY 3.0 ,https://opengameart.org/content/lpc-pirates ,"Original by bluecarrot16, climb/jump/sit/emote/run by JaidynReiman "
arms/wrists/cuffs/thin/jump.png,"bluecarrot16,JaidynReiman ",OGA-BY 3.0 ,https://opengameart.org/content/lpc-pirates ,"Original by bluecarrot16, female/teen version by JaidynReiman "
arms/wrists/cuffs/male/sit.png,"bluecarrot16,JaidynReiman ",OGA-BY 3.0 ,https://opengameart.org/content/lpc-pirates ,"Original by bluecarrot16, climb/jump/sit/emote/run by JaidynReiman "
arms/wrists/cuffs/thin/sit.png,"bluecarrot16,JaidynReiman ",OGA-BY 3.0 ,https://opengameart.org/content/lpc-pirates ,"Original by bluecarrot16, female/teen version by JaidynReiman "
arms/wrists/cuffs/male/emote.png,"bluecarrot16,JaidynReiman ",OGA-BY 3.0 ,https://opengameart.org/content/lpc-pirates ,"Original by bluecarrot16, climb/jump/sit/emote/run by JaidynReiman "
arms/wrists/cuffs/thin/emote.png,"bluecarrot16,JaidynReiman ",OGA-BY 3.0 ,https://opengameart.org/content/lpc-pirates ,"Original by bluecarrot16, female/teen version by JaidynReiman "
arms/wrists/cuffs/male/run.png,"bluecarrot16,JaidynReiman ",OGA-BY 3.0 ,https://opengameart.org/content/lpc-pirates ,"Original by bluecarrot16, climb/jump/sit/emote/run by JaidynReiman "
arms/wrists/cuffs/thin/run.png,"bluecarrot16,JaidynReiman ",OGA-BY 3.0 ,https://opengameart.org/content/lpc-pirates ,"Original by bluecarrot16, female/teen version by JaidynReiman "
shoulders/epaulets/male/spellcast.png,"bluecarrot16,JaidynReiman ","OGA-BY 3.0,CC-BY-SA 3.0 ",https://opengameart.org/content/lpc-pirates ,"Original by bluecarrot16, jump/run/sit/emote/revised combat frames and female by JaidynReiman "
shoulders/epaulets/thin/spellcast.png,"bluecarrot16,JaidynReiman ","OGA-BY 3.0,CC-BY-SA 3.0 ",https://opengameart.org/content/lpc-pirates ,"Original by bluecarrot16, jump/run/sit/emote/revised combat frames and female by JaidynReiman "
shoulders/epaulets/male/thrust.png,"bluecarrot16,JaidynReiman ","OGA-BY 3.0,CC-BY-SA 3.0 ",https://opengameart.org/content/lpc-pirates ,"Original by bluecarrot16, jump/run/sit/emote/revised combat frames and female by JaidynReiman "
shoulders/epaulets/thin/thrust.png,"bluecarrot16,JaidynReiman ","OGA-BY 3.0,CC-BY-SA 3.0 ",https://opengameart.org/content/lpc-pirates ,"Original by bluecarrot16, jump/run/sit/emote/revised combat frames and female by JaidynReiman "
shoulders/epaulets/male/walk.png,"bluecarrot16,JaidynReiman ","OGA-BY 3.0,CC-BY-SA 3.0 ",https://opengameart.org/content/lpc-pirates ,"Original by bluecarrot16, jump/run/sit/emote/revised combat frames and female by JaidynReiman "
shoulders/epaulets/thin/walk.png,"bluecarrot16,JaidynReiman ","OGA-BY 3.0,CC-BY-SA 3.0 ",https://opengameart.org/content/lpc-pirates ,"Original by bluecarrot16, jump/run/sit/emote/revised combat frames and female by JaidynReiman "
shoulders/epaulets/male/slash.png,"bluecarrot16,JaidynReiman ","OGA-BY 3.0,CC-BY-SA 3.0 ",https://opengameart.org/content/lpc-pirates ,"Original by bluecarrot16, jump/run/sit/emote/revised combat frames and female by JaidynReiman "
shoulders/epaulets/thin/slash.png,"bluecarrot16,JaidynReiman ","OGA-BY 3.0,CC-BY-SA 3.0 ",https://opengameart.org/content/lpc-pirates ,"Original by bluecarrot16, jump/run/sit/emote/revised combat frames and female by JaidynReiman "
shoulders/epaulets/male/shoot.png,"bluecarrot16,JaidynReiman ","OGA-BY 3.0,CC-BY-SA 3.0 ",https://opengameart.org/content/lpc-pirates ,"Original by bluecarrot16, jump/run/sit/emote/revised combat frames and female by JaidynReiman "
shoulders/epaulets/thin/shoot.png,"bluecarrot16,JaidynReiman ","OGA-BY 3.0,CC-BY-SA 3.0 ",https://opengameart.org/content/lpc-pirates ,"Original by bluecarrot16, jump/run/sit/emote/revised combat frames and female by JaidynReiman "
shoulders/epaulets/male/hurt.png,"bluecarrot16,JaidynReiman ","OGA-BY 3.0,CC-BY-SA 3.0 ",https://opengameart.org/content/lpc-pirates ,"Original by bluecarrot16, jump/run/sit/emote/revised combat frames and female by JaidynReiman "
shoulders/epaulets/thin/hurt.png,"bluecarrot16,JaidynReiman ","OGA-BY 3.0,CC-BY-SA 3.0 ",https://opengameart.org/content/lpc-pirates ,"Original by bluecarrot16, jump/run/sit/emote/revised combat frames and female by JaidynReiman "
shoulders/epaulets/male/idle.png,"bluecarrot16,JaidynReiman ","OGA-BY 3.0,CC-BY-SA 3.0 ",https://opengameart.org/content/lpc-pirates ,"Original by bluecarrot16, jump/run/sit/emote/revised combat frames and female by JaidynReiman "
shoulders/epaulets/thin/idle.png,"bluecarrot16,JaidynReiman ","OGA-BY 3.0,CC-BY-SA 3.0 ",https://opengameart.org/content/lpc-pirates ,"Original by bluecarrot16, jump/run/sit/emote/revised combat frames and female by JaidynReiman "
shoulders/epaulets/male/jump.png,"bluecarrot16,JaidynReiman ","OGA-BY 3.0,CC-BY-SA 3.0 ",https://opengameart.org/content/lpc-pirates ,"Original by bluecarrot16, jump/run/sit/emote/revised combat frames and female by JaidynReiman "
shoulders/epaulets/thin/jump.png,"bluecarrot16,JaidynReiman ","OGA-BY 3.0,CC-BY-SA 3.0 ",https://opengameart.org/content/lpc-pirates ,"Original by bluecarrot16, jump/run/sit/emote/revised combat frames and female by JaidynReiman "
shoulders/epaulets/male/run.png,"bluecarrot16,JaidynReiman ","OGA-BY 3.0,CC-BY-SA 3.0 ",https://opengameart.org/content/lpc-pirates ,"Original by bluecarrot16, jump/run/sit/emote/revised combat frames and female by JaidynReiman "
shoulders/epaulets/thin/run.png,"bluecarrot16,JaidynReiman ","OGA-BY 3.0,CC-BY-SA 3.0 ",https://opengameart.org/content/lpc-pirates ,"Original by bluecarrot16, jump/run/sit/emote/revised combat frames and female by JaidynReiman "
shoulders/epaulets/male/sit.png,"bluecarrot16,JaidynReiman ","OGA-BY 3.0,CC-BY-SA 3.0 ",https://opengameart.org/content/lpc-pirates ,"Original by bluecarrot16, jump/run/sit/emote/revised combat frames and female by JaidynReiman "
shoulders/epaulets/thin/sit.png,"bluecarrot16,JaidynReiman ","OGA-BY 3.0,CC-BY-SA 3.0 ",https://opengameart.org/content/lpc-pirates ,"Original by bluecarrot16, jump/run/sit/emote/revised combat frames and female by JaidynReiman "
shoulders/epaulets/male/emote.png,"bluecarrot16,JaidynReiman ","OGA-BY 3.0,CC-BY-SA 3.0 ",https://opengameart.org/content/lpc-pirates ,"Original by bluecarrot16, jump/run/sit/emote/revised combat frames and female by JaidynReiman "
shoulders/epaulets/thin/emote.png,"bluecarrot16,JaidynReiman ","OGA-BY 3.0,CC-BY-SA 3.0 ",https://opengameart.org/content/lpc-pirates ,"Original by bluecarrot16, jump/run/sit/emote/revised combat frames and female by JaidynReiman "
shoulders/epaulets/male/climb.png,"bluecarrot16,JaidynReiman ","OGA-BY 3.0,CC-BY-SA 3.0 ",https://opengameart.org/content/lpc-pirates ,"Original by bluecarrot16, jump/run/sit/emote/revised combat frames and female by JaidynReiman "
shoulders/epaulets/thin/climb.png,"bluecarrot16,JaidynReiman ","OGA-BY 3.0,CC-BY-SA 3.0 ",https://opengameart.org/content/lpc-pirates ,"Original by bluecarrot16, jump/run/sit/emote/revised combat frames and female by JaidynReiman "
shoulders/epaulets/male/combat.png,"bluecarrot16,JaidynReiman ","OGA-BY 3.0,CC-BY-SA 3.0 ",https://opengameart.org/content/lpc-pirates ,"Original by bluecarrot16, jump/run/sit/emote/revised combat frames and female by JaidynReiman "
shoulders/epaulets/thin/combat.png,"bluecarrot16,JaidynReiman ","OGA-BY 3.0,CC-BY-SA 3.0 ",https://opengameart.org/content/lpc-pirates ,"Original by bluecarrot16, jump/run/sit/emote/revised combat frames and female by JaidynReiman "
shoulders/epaulets/male/1h_backslash.png,"bluecarrot16,JaidynReiman ","OGA-BY 3.0,CC-BY-SA 3.0 ",https://opengameart.org/content/lpc-pirates ,"Original by bluecarrot16, jump/run/sit/emote/revised combat frames and female by JaidynReiman "
shoulders/epaulets/thin/1h_backslash.png,"bluecarrot16,JaidynReiman ","OGA-BY 3.0,CC-BY-SA 3.0 ",https://opengameart.org/content/lpc-pirates ,"Original by bluecarrot16, jump/run/sit/emote/revised combat frames and female by JaidynReiman "
shoulders/epaulets/male/1h_halfslash.png,"bluecarrot16,JaidynReiman ","OGA-BY 3.0,CC-BY-SA 3.0 ",https://opengameart.org/content/lpc-pirates ,"Original by bluecarrot16, jump/run/sit/emote/revised combat frames and female by JaidynReiman "
shoulders/epaulets/thin/1h_halfslash.png,"bluecarrot16,JaidynReiman ","OGA-BY 3.0,CC-BY-SA 3.0 ",https://opengameart.org/content/lpc-pirates ,"Original by bluecarrot16, jump/run/sit/emote/revised combat frames and female by JaidynReiman "
shoulders/legion/male/spellcast.png,Nila122 ,"OGA-BY 3.0,CC-BY-SA 3.0,GPL 2.0,GPL 3.0 ",https://opengameart.org/content/lpc-roman-armor , 
shoulders/legion/female/spellcast.png,Nila122 ,"OGA-BY 3.0,CC-BY-SA 3.0,GPL 2.0,GPL 3.0 ",https://opengameart.org/content/lpc-roman-armor , 
shoulders/legion/male/thrust.png,Nila122 ,"OGA-BY 3.0,CC-BY-SA 3.0,GPL 2.0,GPL 3.0 ",https://opengameart.org/content/lpc-roman-armor , 
shoulders/legion/female/thrust.png,Nila122 ,"OGA-BY 3.0,CC-BY-SA 3.0,GPL 2.0,GPL 3.0 ",https://opengameart.org/content/lpc-roman-armor , 
shoulders/legion/male/walk.png,Nila122 ,"OGA-BY 3.0,CC-BY-SA 3.0,GPL 2.0,GPL 3.0 ",https://opengameart.org/content/lpc-roman-armor , 
shoulders/legion/female/walk.png,Nila122 ,"OGA-BY 3.0,CC-BY-SA 3.0,GPL 2.0,GPL 3.0 ",https://opengameart.org/content/lpc-roman-armor , 
shoulders/legion/male/slash.png,Nila122 ,"OGA-BY 3.0,CC-BY-SA 3.0,GPL 2.0,GPL 3.0 ",https://opengameart.org/content/lpc-roman-armor , 
shoulders/legion/female/slash.png,Nila122 ,"OGA-BY 3.0,CC-BY-SA 3.0,GPL 2.0,GPL 3.0 ",https://opengameart.org/content/lpc-roman-armor , 
shoulders/legion/male/shoot.png,Nila122 ,"OGA-BY 3.0,CC-BY-SA 3.0,GPL 2.0,GPL 3.0 ",https://opengameart.org/content/lpc-roman-armor , 
shoulders/legion/female/shoot.png,Nila122 ,"OGA-BY 3.0,CC-BY-SA 3.0,GPL 2.0,GPL 3.0 ",https://opengameart.org/content/lpc-roman-armor , 
shoulders/legion/male/hurt.png,Nila122 ,"OGA-BY 3.0,CC-BY-SA 3.0,GPL 2.0,GPL 3.0 ",https://opengameart.org/content/lpc-roman-armor , 
shoulders/legion/female/hurt.png,Nila122 ,"OGA-BY 3.0,CC-BY-SA 3.0,GPL 2.0,GPL 3.0 ",https://opengameart.org/content/lpc-roman-armor , 
shoulders/legion/male/idle.png,Nila122 ,"OGA-BY 3.0,CC-BY-SA 3.0,GPL 2.0,GPL 3.0 ",https://opengameart.org/content/lpc-roman-armor , 
shoulders/legion/female/idle.png,Nila122 ,"OGA-BY 3.0,CC-BY-SA 3.0,GPL 2.0,GPL 3.0 ",https://opengameart.org/content/lpc-roman-armor , 
shoulders/mantal/male/spellcast.png,"bluecarrot16,JaidynReiman ","OGA-BY 3.0,GPL 3.0 ",https://opengameart.org/content/lpc-pirates ,"Original by bluecarrot16, climb/jump/sit/emote/run by JaidynReiman "
shoulders/mantal/thin/spellcast.png,"bluecarrot16,JaidynReiman ","OGA-BY 3.0,GPL 3.0 ",https://opengameart.org/content/lpc-pirates ,"Original by bluecarrot16, female/teen version by JaidynReiman "
shoulders/mantal/male/thrust.png,"bluecarrot16,JaidynReiman ","OGA-BY 3.0,GPL 3.0 ",https://opengameart.org/content/lpc-pirates ,"Original by bluecarrot16, climb/jump/sit/emote/run by JaidynReiman "
shoulders/mantal/thin/thrust.png,"bluecarrot16,JaidynReiman ","OGA-BY 3.0,GPL 3.0 ",https://opengameart.org/content/lpc-pirates ,"Original by bluecarrot16, female/teen version by JaidynReiman "
shoulders/mantal/male/walk.png,"bluecarrot16,JaidynReiman ","OGA-BY 3.0,GPL 3.0 ",https://opengameart.org/content/lpc-pirates ,"Original by bluecarrot16, climb/jump/sit/emote/run by JaidynReiman "
shoulders/mantal/thin/walk.png,"bluecarrot16,JaidynReiman ","OGA-BY 3.0,GPL 3.0 ",https://opengameart.org/content/lpc-pirates ,"Original by bluecarrot16, female/teen version by JaidynReiman "
shoulders/mantal/male/slash.png,"bluecarrot16,JaidynReiman ","OGA-BY 3.0,GPL 3.0 ",https://opengameart.org/content/lpc-pirates ,"Original by bluecarrot16, climb/jump/sit/emote/run by JaidynReiman "
shoulders/mantal/thin/slash.png,"bluecarrot16,JaidynReiman ","OGA-BY 3.0,GPL 3.0 ",https://opengameart.org/content/lpc-pirates ,"Original by bluecarrot16, female/teen version by JaidynReiman "
shoulders/mantal/male/shoot.png,"bluecarrot16,JaidynReiman ","OGA-BY 3.0,GPL 3.0 ",https://opengameart.org/content/lpc-pirates ,"Original by bluecarrot16, climb/jump/sit/emote/run by JaidynReiman "
shoulders/mantal/thin/shoot.png,"bluecarrot16,JaidynReiman ","OGA-BY 3.0,GPL 3.0 ",https://opengameart.org/content/lpc-pirates ,"Original by bluecarrot16, female/teen version by JaidynReiman "
shoulders/mantal/male/hurt.png,"bluecarrot16,JaidynReiman ","OGA-BY 3.0,GPL 3.0 ",https://opengameart.org/content/lpc-pirates ,"Original by bluecarrot16, climb/jump/sit/emote/run by JaidynReiman "
shoulders/mantal/thin/hurt.png,"bluecarrot16,JaidynReiman ","OGA-BY 3.0,GPL 3.0 ",https://opengameart.org/content/lpc-pirates ,"Original by bluecarrot16, female/teen version by JaidynReiman "
shoulders/mantal/male/climb.png,"bluecarrot16,JaidynReiman ","OGA-BY 3.0,GPL 3.0 ",https://opengameart.org/content/lpc-pirates ,"Original by bluecarrot16, climb/jump/sit/emote/run by JaidynReiman "
shoulders/mantal/thin/climb.png,"bluecarrot16,JaidynReiman ","OGA-BY 3.0,GPL 3.0 ",https://opengameart.org/content/lpc-pirates ,"Original by bluecarrot16, female/teen version by JaidynReiman "
shoulders/mantal/male/idle.png,"bluecarrot16,JaidynReiman ","OGA-BY 3.0,GPL 3.0 ",https://opengameart.org/content/lpc-pirates ,"Original by bluecarrot16, climb/jump/sit/emote/run by JaidynReiman "
shoulders/mantal/thin/idle.png,"bluecarrot16,JaidynReiman ","OGA-BY 3.0,GPL 3.0 ",https://opengameart.org/content/lpc-pirates ,"Original by bluecarrot16, female/teen version by JaidynReiman "
shoulders/mantal/male/jump.png,"bluecarrot16,JaidynReiman ","OGA-BY 3.0,GPL 3.0 ",https://opengameart.org/content/lpc-pirates ,"Original by bluecarrot16, climb/jump/sit/emote/run by JaidynReiman "
shoulders/mantal/thin/jump.png,"bluecarrot16,JaidynReiman ","OGA-BY 3.0,GPL 3.0 ",https://opengameart.org/content/lpc-pirates ,"Original by bluecarrot16, female/teen version by JaidynReiman "
shoulders/mantal/male/sit.png,"bluecarrot16,JaidynReiman ","OGA-BY 3.0,GPL 3.0 ",https://opengameart.org/content/lpc-pirates ,"Original by bluecarrot16, climb/jump/sit/emote/run by JaidynReiman "
shoulders/mantal/thin/sit.png,"bluecarrot16,JaidynReiman ","OGA-BY 3.0,GPL 3.0 ",https://opengameart.org/content/lpc-pirates ,"Original by bluecarrot16, female/teen version by JaidynReiman "
shoulders/mantal/male/emote.png,"bluecarrot16,JaidynReiman ","OGA-BY 3.0,GPL 3.0 ",https://opengameart.org/content/lpc-pirates ,"Original by bluecarrot16, climb/jump/sit/emote/run by JaidynReiman "
shoulders/mantal/thin/emote.png,"bluecarrot16,JaidynReiman ","OGA-BY 3.0,GPL 3.0 ",https://opengameart.org/content/lpc-pirates ,"Original by bluecarrot16, female/teen version by JaidynReiman "
shoulders/mantal/male/run.png,"bluecarrot16,JaidynReiman ","OGA-BY 3.0,GPL 3.0 ",https://opengameart.org/content/lpc-pirates ,"Original by bluecarrot16, climb/jump/sit/emote/run by JaidynReiman "
shoulders/mantal/thin/run.png,"bluecarrot16,JaidynReiman ","OGA-BY 3.0,GPL 3.0 ",https://opengameart.org/content/lpc-pirates ,"Original by bluecarrot16, female/teen version by JaidynReiman "
torso/bandage/male/spellcast.png,Nila122 ,"OGA-BY 3.0,CC-BY-SA 3.0,GPL 2.0,GPL 3.0 ",https://opengameart.org/content/lpc-bandages , 
torso/bandage/female/spellcast.png,Nila122 ,"OGA-BY 3.0,CC-BY-SA 3.0,GPL 2.0,GPL 3.0 ",https://opengameart.org/content/lpc-bandages , 
torso/bandage/male/thrust.png,Nila122 ,"OGA-BY 3.0,CC-BY-SA 3.0,GPL 2.0,GPL 3.0 ",https://opengameart.org/content/lpc-bandages , 
torso/bandage/female/thrust.png,Nila122 ,"OGA-BY 3.0,CC-BY-SA 3.0,GPL 2.0,GPL 3.0 ",https://opengameart.org/content/lpc-bandages , 
torso/bandage/male/walk.png,Nila122 ,"OGA-BY 3.0,CC-BY-SA 3.0,GPL 2.0,GPL 3.0 ",https://opengameart.org/content/lpc-bandages , 
torso/bandage/female/walk.png,Nila122 ,"OGA-BY 3.0,CC-BY-SA 3.0,GPL 2.0,GPL 3.0 ",https://opengameart.org/content/lpc-bandages , 
torso/bandage/male/slash.png,Nila122 ,"OGA-BY 3.0,CC-BY-SA 3.0,GPL 2.0,GPL 3.0 ",https://opengameart.org/content/lpc-bandages , 
torso/bandage/female/slash.png,Nila122 ,"OGA-BY 3.0,CC-BY-SA 3.0,GPL 2.0,GPL 3.0 ",https://opengameart.org/content/lpc-bandages , 
torso/bandage/male/shoot.png,Nila122 ,"OGA-BY 3.0,CC-BY-SA 3.0,GPL 2.0,GPL 3.0 ",https://opengameart.org/content/lpc-bandages , 
torso/bandage/female/shoot.png,Nila122 ,"OGA-BY 3.0,CC-BY-SA 3.0,GPL 2.0,GPL 3.0 ",https://opengameart.org/content/lpc-bandages , 
torso/bandage/male/hurt.png,Nila122 ,"OGA-BY 3.0,CC-BY-SA 3.0,GPL 2.0,GPL 3.0 ",https://opengameart.org/content/lpc-bandages , 
torso/bandage/female/hurt.png,Nila122 ,"OGA-BY 3.0,CC-BY-SA 3.0,GPL 2.0,GPL 3.0 ",https://opengameart.org/content/lpc-bandages , 
torso/aprons/apron_full/female/spellcast.png,"ElizaWy,bluecarrot16 ","OGA-BY 3.0,GPL 3.0 ",http://opengameart.org/content/lpc-clothing-updates ,"original apron by ElizaWy, extended to all animation frames and edited for v3 bases by bluecarrot16 "
torso/aprons/apron_full/female/thrust.png,"ElizaWy,bluecarrot16 ","OGA-BY 3.0,GPL 3.0 ",http://opengameart.org/content/lpc-clothing-updates ,"original apron by ElizaWy, extended to all animation frames and edited for v3 bases by bluecarrot16 "
torso/aprons/apron_full/female/walk.png,"ElizaWy,bluecarrot16 ","OGA-BY 3.0,GPL 3.0 ",http://opengameart.org/content/lpc-clothing-updates ,"original apron by ElizaWy, extended to all animation frames and edited for v3 bases by bluecarrot16 "
torso/aprons/apron_full/female/slash.png,"ElizaWy,bluecarrot16 ","OGA-BY 3.0,GPL 3.0 ",http://opengameart.org/content/lpc-clothing-updates ,"original apron by ElizaWy, extended to all animation frames and edited for v3 bases by bluecarrot16 "
torso/aprons/apron_full/female/shoot.png,"ElizaWy,bluecarrot16 ","OGA-BY 3.0,GPL 3.0 ",http://opengameart.org/content/lpc-clothing-updates ,"original apron by ElizaWy, extended to all animation frames and edited for v3 bases by bluecarrot16 "
torso/aprons/apron_full/female/hurt.png,"ElizaWy,bluecarrot16 ","OGA-BY 3.0,GPL 3.0 ",http://opengameart.org/content/lpc-clothing-updates ,"original apron by ElizaWy, extended to all animation frames and edited for v3 bases by bluecarrot16 "
torso/aprons/apron_half/female/spellcast.png,"ElizaWy,bluecarrot16 ","OGA-BY 3.0,GPL 3.0 ",http://opengameart.org/content/lpc-clothing-updates ,"original apron by ElizaWy, extended to all animation frames and edited for v3 bases by bluecarrot16 "
torso/aprons/apron_half/female/thrust.png,"ElizaWy,bluecarrot16 ","OGA-BY 3.0,GPL 3.0 ",http://opengameart.org/content/lpc-clothing-updates ,"original apron by ElizaWy, extended to all animation frames and edited for v3 bases by bluecarrot16 "
torso/aprons/apron_half/female/walk.png,"ElizaWy,bluecarrot16 ","OGA-BY 3.0,GPL 3.0 ",http://opengameart.org/content/lpc-clothing-updates ,"original apron by ElizaWy, extended to all animation frames and edited for v3 bases by bluecarrot16 "
torso/aprons/apron_half/female/slash.png,"ElizaWy,bluecarrot16 ","OGA-BY 3.0,GPL 3.0 ",http://opengameart.org/content/lpc-clothing-updates ,"original apron by ElizaWy, extended to all animation frames and edited for v3 bases by bluecarrot16 "
torso/aprons/apron_half/female/shoot.png,"ElizaWy,bluecarrot16 ","OGA-BY 3.0,GPL 3.0 ",http://opengameart.org/content/lpc-clothing-updates ,"original apron by ElizaWy, extended to all animation frames and edited for v3 bases by bluecarrot16 "
torso/aprons/apron_half/female/hurt.png,"ElizaWy,bluecarrot16 ","OGA-BY 3.0,GPL 3.0 ",http://opengameart.org/content/lpc-clothing-updates ,"original apron by ElizaWy, extended to all animation frames and edited for v3 bases by bluecarrot16 "
torso/jacket/tabard/male/spellcast.png,"bluecarrot16,Johannes Sjölund (wulax) ","OGA-BY 3.0,CC-BY-SA 3.0,GPL 3.0 ","https://opengameart.org/content/lpc-medieval-fantasy-character-sprites,http://opengameart.org/content/lpc-clothing-updates ","original by wulax, edited to v3 base by bluecarrot16 "
torso/jacket/tabard/female/spellcast.png,"JaidynReiman,Matthew Krohn (makrohn),Johannes Sjölund (wulax) ","OGA-BY 3.0,CC-BY-SA 3.0,GPL 3.0 ","https://opengameart.org/content/lpc-medieval-fantasy-character-sprites,https://opengameart.org/content/lpc-combat-armor-for-women,http://opengameart.org/content/lpc-clothing-updates ","original by wulax, edited to female base by makrohn and JaidynReiman, edited to v3 base by bluecarrot16 "
torso/jacket/tabard/male/thrust.png,"bluecarrot16,Johannes Sjölund (wulax) ","OGA-BY 3.0,CC-BY-SA 3.0,GPL 3.0 ","https://opengameart.org/content/lpc-medieval-fantasy-character-sprites,http://opengameart.org/content/lpc-clothing-updates ","original by wulax, edited to v3 base by bluecarrot16 "
torso/jacket/tabard/female/thrust.png,"JaidynReiman,Matthew Krohn (makrohn),Johannes Sjölund (wulax) ","OGA-BY 3.0,CC-BY-SA 3.0,GPL 3.0 ","https://opengameart.org/content/lpc-medieval-fantasy-character-sprites,https://opengameart.org/content/lpc-combat-armor-for-women,http://opengameart.org/content/lpc-clothing-updates ","original by wulax, edited to female base by makrohn and JaidynReiman, edited to v3 base by bluecarrot16 "
torso/jacket/tabard/male/walk.png,"bluecarrot16,Johannes Sjölund (wulax) ","OGA-BY 3.0,CC-BY-SA 3.0,GPL 3.0 ","https://opengameart.org/content/lpc-medieval-fantasy-character-sprites,http://opengameart.org/content/lpc-clothing-updates ","original by wulax, edited to v3 base by bluecarrot16 "
torso/jacket/tabard/female/walk.png,"JaidynReiman,Matthew Krohn (makrohn),Johannes Sjölund (wulax) ","OGA-BY 3.0,CC-BY-SA 3.0,GPL 3.0 ","https://opengameart.org/content/lpc-medieval-fantasy-character-sprites,https://opengameart.org/content/lpc-combat-armor-for-women,http://opengameart.org/content/lpc-clothing-updates ","original by wulax, edited to female base by makrohn and JaidynReiman, edited to v3 base by bluecarrot16 "
torso/jacket/tabard/male/slash.png,"bluecarrot16,Johannes Sjölund (wulax) ","OGA-BY 3.0,CC-BY-SA 3.0,GPL 3.0 ","https://opengameart.org/content/lpc-medieval-fantasy-character-sprites,http://opengameart.org/content/lpc-clothing-updates ","original by wulax, edited to v3 base by bluecarrot16 "
torso/jacket/tabard/female/slash.png,"JaidynReiman,Matthew Krohn (makrohn),Johannes Sjölund (wulax) ","OGA-BY 3.0,CC-BY-SA 3.0,GPL 3.0 ","https://opengameart.org/content/lpc-medieval-fantasy-character-sprites,https://opengameart.org/content/lpc-combat-armor-for-women,http://opengameart.org/content/lpc-clothing-updates ","original by wulax, edited to female base by makrohn and JaidynReiman, edited to v3 base by bluecarrot16 "
torso/jacket/tabard/male/shoot.png,"bluecarrot16,Johannes Sjölund (wulax) ","OGA-BY 3.0,CC-BY-SA 3.0,GPL 3.0 ","https://opengameart.org/content/lpc-medieval-fantasy-character-sprites,http://opengameart.org/content/lpc-clothing-updates ","original by wulax, edited to v3 base by bluecarrot16 "
torso/jacket/tabard/female/shoot.png,"JaidynReiman,Matthew Krohn (makrohn),Johannes Sjölund (wulax) ","OGA-BY 3.0,CC-BY-SA 3.0,GPL 3.0 ","https://opengameart.org/content/lpc-medieval-fantasy-character-sprites,https://opengameart.org/content/lpc-combat-armor-for-women,http://opengameart.org/content/lpc-clothing-updates ","original by wulax, edited to female base by makrohn and JaidynReiman, edited to v3 base by bluecarrot16 "
torso/jacket/tabard/male/hurt.png,"bluecarrot16,Johannes Sjölund (wulax) ","OGA-BY 3.0,CC-BY-SA 3.0,GPL 3.0 ","https://opengameart.org/content/lpc-medieval-fantasy-character-sprites,http://opengameart.org/content/lpc-clothing-updates ","original by wulax, edited to v3 base by bluecarrot16 "
torso/jacket/tabard/female/hurt.png,"JaidynReiman,Matthew Krohn (makrohn),Johannes Sjölund (wulax) ","OGA-BY 3.0,CC-BY-SA 3.0,GPL 3.0 ","https://opengameart.org/content/lpc-medieval-fantasy-character-sprites,https://opengameart.org/content/lpc-combat-armor-for-women,http://opengameart.org/content/lpc-clothing-updates ","original by wulax, edited to female base by makrohn and JaidynReiman, edited to v3 base by bluecarrot16 "
torso/clothes/vest/male/spellcast.png,"bluecarrot16,Thane Brimhall (pennomi),laetissima,Stephen Challener (Redshrike),Johannes Sjölund (wulax) ","CC-BY-SA 3.0,GPL 3.0 ","https://opengameart.org/content/lpc-2-characters,https://opengameart.org/content/lpc-gentleman,https://opengameart.org/content/lpc-pirates ", 
torso/clothes/vest/male/thrust.png,"bluecarrot16,Thane Brimhall (pennomi),laetissima,Stephen Challener (Redshrike),Johannes Sjölund (wulax) ","CC-BY-SA 3.0,GPL 3.0 ","https://opengameart.org/content/lpc-2-characters,https://opengameart.org/content/lpc-gentleman,https://opengameart.org/content/lpc-pirates ", 
torso/clothes/vest/male/walk.png,"bluecarrot16,Thane Brimhall (pennomi),laetissima,Stephen Challener (Redshrike),Johannes Sjölund (wulax) ","CC-BY-SA 3.0,GPL 3.0 ","https://opengameart.org/content/lpc-2-characters,https://opengameart.org/content/lpc-gentleman,https://opengameart.org/content/lpc-pirates ", 
torso/clothes/vest/male/slash.png,"bluecarrot16,Thane Brimhall (pennomi),laetissima,Stephen Challener (Redshrike),Johannes Sjölund (wulax) ","CC-BY-SA 3.0,GPL 3.0 ","https://opengameart.org/content/lpc-2-characters,https://opengameart.org/content/lpc-gentleman,https://opengameart.org/content/lpc-pirates ", 
torso/clothes/vest/male/shoot.png,"bluecarrot16,Thane Brimhall (pennomi),laetissima,Stephen Challener (Redshrike),Johannes Sjölund (wulax) ","CC-BY-SA 3.0,GPL 3.0 ","https://opengameart.org/content/lpc-2-characters,https://opengameart.org/content/lpc-gentleman,https://opengameart.org/content/lpc-pirates ", 
torso/clothes/vest/male/hurt.png,"bluecarrot16,Thane Brimhall (pennomi),laetissima,Stephen Challener (Redshrike),Johannes Sjölund (wulax) ","CC-BY-SA 3.0,GPL 3.0 ","https://opengameart.org/content/lpc-2-characters,https://opengameart.org/content/lpc-gentleman,https://opengameart.org/content/lpc-pirates ", 
torso/clothes/vest/male/idle.png,"bluecarrot16,Thane Brimhall (pennomi),laetissima,Stephen Challener (Redshrike),Johannes Sjölund (wulax) ","CC-BY-SA 3.0,GPL 3.0 ","https://opengameart.org/content/lpc-2-characters,https://opengameart.org/content/lpc-gentleman,https://opengameart.org/content/lpc-pirates ", 
torso/waist/belt_belly/male/spellcast.png,"bluecarrot16,Johannes Sjölund (wulax),Matthew Krohn (makrohn) ","OGA-BY 3.0,CC-BY-SA 3.0,GPL 3.0 ","https://opengameart.org/content/lpc-combat-armor-for-women,https://opengameart.org/content/lpc-pirates,https://opengameart.org/content/lpc-santa ", 
torso/waist/belt_belly/female/spellcast.png,"bluecarrot16,Johannes Sjölund (wulax),Matthew Krohn (makrohn) ","OGA-BY 3.0,CC-BY-SA 3.0,GPL 3.0 ","https://opengameart.org/content/lpc-combat-armor-for-women,https://opengameart.org/content/lpc-pirates,https://opengameart.org/content/lpc-santa ", 
torso/waist/belt_belly/male/thrust.png,"bluecarrot16,Johannes Sjölund (wulax),Matthew Krohn (makrohn) ","OGA-BY 3.0,CC-BY-SA 3.0,GPL 3.0 ","https://opengameart.org/content/lpc-combat-armor-for-women,https://opengameart.org/content/lpc-pirates,https://opengameart.org/content/lpc-santa ", 
torso/waist/belt_belly/female/thrust.png,"bluecarrot16,Johannes Sjölund (wulax),Matthew Krohn (makrohn) ","OGA-BY 3.0,CC-BY-SA 3.0,GPL 3.0 ","https://opengameart.org/content/lpc-combat-armor-for-women,https://opengameart.org/content/lpc-pirates,https://opengameart.org/content/lpc-santa ", 
torso/waist/belt_belly/male/walk.png,"bluecarrot16,Johannes Sjölund (wulax),Matthew Krohn (makrohn) ","OGA-BY 3.0,CC-BY-SA 3.0,GPL 3.0 ","https://opengameart.org/content/lpc-combat-armor-for-women,https://opengameart.org/content/lpc-pirates,https://opengameart.org/content/lpc-santa ", 
torso/waist/belt_belly/female/walk.png,"bluecarrot16,Johannes Sjölund (wulax),Matthew Krohn (makrohn) ","OGA-BY 3.0,CC-BY-SA 3.0,GPL 3.0 ","https://opengameart.org/content/lpc-combat-armor-for-women,https://opengameart.org/content/lpc-pirates,https://opengameart.org/content/lpc-santa ", 
torso/waist/belt_belly/male/slash.png,"bluecarrot16,Johannes Sjölund (wulax),Matthew Krohn (makrohn) ","OGA-BY 3.0,CC-BY-SA 3.0,GPL 3.0 ","https://opengameart.org/content/lpc-combat-armor-for-women,https://opengameart.org/content/lpc-pirates,https://opengameart.org/content/lpc-santa ", 
torso/waist/belt_belly/female/slash.png,"bluecarrot16,Johannes Sjölund (wulax),Matthew Krohn (makrohn) ","OGA-BY 3.0,CC-BY-SA 3.0,GPL 3.0 ","https://opengameart.org/content/lpc-combat-armor-for-women,https://opengameart.org/content/lpc-pirates,https://opengameart.org/content/lpc-santa ", 
torso/waist/belt_belly/male/shoot.png,"bluecarrot16,Johannes Sjölund (wulax),Matthew Krohn (makrohn) ","OGA-BY 3.0,CC-BY-SA 3.0,GPL 3.0 ","https://opengameart.org/content/lpc-combat-armor-for-women,https://opengameart.org/content/lpc-pirates,https://opengameart.org/content/lpc-santa ", 
torso/waist/belt_belly/female/shoot.png,"bluecarrot16,Johannes Sjölund (wulax),Matthew Krohn (makrohn) ","OGA-BY 3.0,CC-BY-SA 3.0,GPL 3.0 ","https://opengameart.org/content/lpc-combat-armor-for-women,https://opengameart.org/content/lpc-pirates,https://opengameart.org/content/lpc-santa ", 
torso/waist/belt_belly/male/hurt.png,"bluecarrot16,Johannes Sjölund (wulax),Matthew Krohn (makrohn) ","OGA-BY 3.0,CC-BY-SA 3.0,GPL 3.0 ","https://opengameart.org/content/lpc-combat-armor-for-women,https://opengameart.org/content/lpc-pirates,https://opengameart.org/content/lpc-santa ", 
torso/waist/belt_belly/female/hurt.png,"bluecarrot16,Johannes Sjölund (wulax),Matthew Krohn (makrohn) ","OGA-BY 3.0,CC-BY-SA 3.0,GPL 3.0 ","https://opengameart.org/content/lpc-combat-armor-for-women,https://opengameart.org/content/lpc-pirates,https://opengameart.org/content/lpc-santa ", 
torso/waist/belt_leather2/male/spellcast.png,"Johannes Sjölund (wulax),Matthew Krohn (makrohn) ","OGA-BY 3.0,CC-BY-SA 3.0,GPL 3.0 ",https://opengameart.org/content/lpc-combat-armor-for-women , 
torso/waist/belt_leather2/female/spellcast.png,"Johannes Sjölund (wulax),Matthew Krohn (makrohn) ","OGA-BY 3.0,CC-BY-SA 3.0,GPL 3.0 ",https://opengameart.org/content/lpc-combat-armor-for-women , 
torso/waist/belt_leather2/male/thrust.png,"Johannes Sjölund (wulax),Matthew Krohn (makrohn) ","OGA-BY 3.0,CC-BY-SA 3.0,GPL 3.0 ",https://opengameart.org/content/lpc-combat-armor-for-women , 
torso/waist/belt_leather2/female/thrust.png,"Johannes Sjölund (wulax),Matthew Krohn (makrohn) ","OGA-BY 3.0,CC-BY-SA 3.0,GPL 3.0 ",https://opengameart.org/content/lpc-combat-armor-for-women , 
torso/waist/belt_leather2/male/walk.png,"Johannes Sjölund (wulax),Matthew Krohn (makrohn) ","OGA-BY 3.0,CC-BY-SA 3.0,GPL 3.0 ",https://opengameart.org/content/lpc-combat-armor-for-women , 
torso/waist/belt_leather2/female/walk.png,"Johannes Sjölund (wulax),Matthew Krohn (makrohn) ","OGA-BY 3.0,CC-BY-SA 3.0,GPL 3.0 ",https://opengameart.org/content/lpc-combat-armor-for-women , 
torso/waist/belt_leather2/male/slash.png,"Johannes Sjölund (wulax),Matthew Krohn (makrohn) ","OGA-BY 3.0,CC-BY-SA 3.0,GPL 3.0 ",https://opengameart.org/content/lpc-combat-armor-for-women , 
torso/waist/belt_leather2/female/slash.png,"Johannes Sjölund (wulax),Matthew Krohn (makrohn) ","OGA-BY 3.0,CC-BY-SA 3.0,GPL 3.0 ",https://opengameart.org/content/lpc-combat-armor-for-women , 
torso/waist/belt_leather2/male/shoot.png,"Johannes Sjölund (wulax),Matthew Krohn (makrohn) ","OGA-BY 3.0,CC-BY-SA 3.0,GPL 3.0 ",https://opengameart.org/content/lpc-combat-armor-for-women , 
torso/waist/belt_leather2/female/shoot.png,"Johannes Sjölund (wulax),Matthew Krohn (makrohn) ","OGA-BY 3.0,CC-BY-SA 3.0,GPL 3.0 ",https://opengameart.org/content/lpc-combat-armor-for-women , 
torso/waist/belt_leather2/male/hurt.png,"Johannes Sjölund (wulax),Matthew Krohn (makrohn) ","OGA-BY 3.0,CC-BY-SA 3.0,GPL 3.0 ",https://opengameart.org/content/lpc-combat-armor-for-women , 
torso/waist/belt_leather2/female/hurt.png,"Johannes Sjölund (wulax),Matthew Krohn (makrohn) ","OGA-BY 3.0,CC-BY-SA 3.0,GPL 3.0 ",https://opengameart.org/content/lpc-combat-armor-for-women , 
torso/waist/belt_mage/hurt.png,Luke Mehl ,"CC-BY-SA 3.0,GPL 3.0 ",https://opengameart.org/content/female-mage-clothing-set , 
torso/waist/belt_mage/slash.png,Luke Mehl ,"CC-BY-SA 3.0,GPL 3.0 ",https://opengameart.org/content/female-mage-clothing-set , 
torso/waist/belt_mage/spellcast.png,Luke Mehl ,"CC-BY-SA 3.0,GPL 3.0 ",https://opengameart.org/content/female-mage-clothing-set , 
torso/waist/belt_mage/walk.png,Luke Mehl ,"CC-BY-SA 3.0,GPL 3.0 ",https://opengameart.org/content/female-mage-clothing-set , 
torso/waist/sash_narrow/male/spellcast.png,"bluecarrot16,Nila122 ","OGA-BY 3.0,GPL 2.0,GPL 3.0,CC-BY-SA 3.0 ","https://opengameart.org/content/more-lpc-clothes-and-hair,https://opengameart.org/content/lpc-pirates ", 
torso/waist/sash_narrow/female/spellcast.png,"bluecarrot16,Nila122 ","OGA-BY 3.0,GPL 2.0,GPL 3.0,CC-BY-SA 3.0 ","https://opengameart.org/content/more-lpc-clothes-and-hair,https://opengameart.org/content/lpc-pirates ", 
torso/waist/sash_narrow/male/thrust.png,"bluecarrot16,Nila122 ","OGA-BY 3.0,GPL 2.0,GPL 3.0,CC-BY-SA 3.0 ","https://opengameart.org/content/more-lpc-clothes-and-hair,https://opengameart.org/content/lpc-pirates ", 
torso/waist/sash_narrow/female/thrust.png,"bluecarrot16,Nila122 ","OGA-BY 3.0,GPL 2.0,GPL 3.0,CC-BY-SA 3.0 ","https://opengameart.org/content/more-lpc-clothes-and-hair,https://opengameart.org/content/lpc-pirates ", 
torso/waist/sash_narrow/male/walk.png,"bluecarrot16,Nila122 ","OGA-BY 3.0,GPL 2.0,GPL 3.0,CC-BY-SA 3.0 ","https://opengameart.org/content/more-lpc-clothes-and-hair,https://opengameart.org/content/lpc-pirates ", 
torso/waist/sash_narrow/female/walk.png,"bluecarrot16,Nila122 ","OGA-BY 3.0,GPL 2.0,GPL 3.0,CC-BY-SA 3.0 ","https://opengameart.org/content/more-lpc-clothes-and-hair,https://opengameart.org/content/lpc-pirates ", 
torso/waist/sash_narrow/male/slash.png,"bluecarrot16,Nila122 ","OGA-BY 3.0,GPL 2.0,GPL 3.0,CC-BY-SA 3.0 ","https://opengameart.org/content/more-lpc-clothes-and-hair,https://opengameart.org/content/lpc-pirates ", 
torso/waist/sash_narrow/female/slash.png,"bluecarrot16,Nila122 ","OGA-BY 3.0,GPL 2.0,GPL 3.0,CC-BY-SA 3.0 ","https://opengameart.org/content/more-lpc-clothes-and-hair,https://opengameart.org/content/lpc-pirates ", 
torso/waist/sash_narrow/male/shoot.png,"bluecarrot16,Nila122 ","OGA-BY 3.0,GPL 2.0,GPL 3.0,CC-BY-SA 3.0 ","https://opengameart.org/content/more-lpc-clothes-and-hair,https://opengameart.org/content/lpc-pirates ", 
torso/waist/sash_narrow/female/shoot.png,"bluecarrot16,Nila122 ","OGA-BY 3.0,GPL 2.0,GPL 3.0,CC-BY-SA 3.0 ","https://opengameart.org/content/more-lpc-clothes-and-hair,https://opengameart.org/content/lpc-pirates ", 
torso/waist/sash_narrow/male/hurt.png,"bluecarrot16,Nila122 ","OGA-BY 3.0,GPL 2.0,GPL 3.0,CC-BY-SA 3.0 ","https://opengameart.org/content/more-lpc-clothes-and-hair,https://opengameart.org/content/lpc-pirates ", 
torso/waist/sash_narrow/female/hurt.png,"bluecarrot16,Nila122 ","OGA-BY 3.0,GPL 2.0,GPL 3.0,CC-BY-SA 3.0 ","https://opengameart.org/content/more-lpc-clothes-and-hair,https://opengameart.org/content/lpc-pirates ", 
torso/waist/sash/male/spellcast.png,"bluecarrot16,Nila122 ","OGA-BY 3.0,GPL 2.0,GPL 3.0,CC-BY-SA 3.0 ","https://opengameart.org/content/more-lpc-clothes-and-hair,https://opengameart.org/content/lpc-pirates ", 
torso/waist/sash/female/spellcast.png,"bluecarrot16,Nila122 ","OGA-BY 3.0,GPL 2.0,GPL 3.0,CC-BY-SA 3.0 ","https://opengameart.org/content/more-lpc-clothes-and-hair,https://opengameart.org/content/lpc-pirates ", 
torso/waist/sash/male/thrust.png,"bluecarrot16,Nila122 ","OGA-BY 3.0,GPL 2.0,GPL 3.0,CC-BY-SA 3.0 ","https://opengameart.org/content/more-lpc-clothes-and-hair,https://opengameart.org/content/lpc-pirates ", 
torso/waist/sash/female/thrust.png,"bluecarrot16,Nila122 ","OGA-BY 3.0,GPL 2.0,GPL 3.0,CC-BY-SA 3.0 ","https://opengameart.org/content/more-lpc-clothes-and-hair,https://opengameart.org/content/lpc-pirates ", 
torso/waist/sash/male/walk.png,"bluecarrot16,Nila122 ","OGA-BY 3.0,GPL 2.0,GPL 3.0,CC-BY-SA 3.0 ","https://opengameart.org/content/more-lpc-clothes-and-hair,https://opengameart.org/content/lpc-pirates ", 
torso/waist/sash/female/walk.png,"bluecarrot16,Nila122 ","OGA-BY 3.0,GPL 2.0,GPL 3.0,CC-BY-SA 3.0 ","https://opengameart.org/content/more-lpc-clothes-and-hair,https://opengameart.org/content/lpc-pirates ", 
torso/waist/sash/male/slash.png,"bluecarrot16,Nila122 ","OGA-BY 3.0,GPL 2.0,GPL 3.0,CC-BY-SA 3.0 ","https://opengameart.org/content/more-lpc-clothes-and-hair,https://opengameart.org/content/lpc-pirates ", 
torso/waist/sash/female/slash.png,"bluecarrot16,Nila122 ","OGA-BY 3.0,GPL 2.0,GPL 3.0,CC-BY-SA 3.0 ","https://opengameart.org/content/more-lpc-clothes-and-hair,https://opengameart.org/content/lpc-pirates ", 
torso/waist/sash/male/shoot.png,"bluecarrot16,Nila122 ","OGA-BY 3.0,GPL 2.0,GPL 3.0,CC-BY-SA 3.0 ","https://opengameart.org/content/more-lpc-clothes-and-hair,https://opengameart.org/content/lpc-pirates ", 
torso/waist/sash/female/shoot.png,"bluecarrot16,Nila122 ","OGA-BY 3.0,GPL 2.0,GPL 3.0,CC-BY-SA 3.0 ","https://opengameart.org/content/more-lpc-clothes-and-hair,https://opengameart.org/content/lpc-pirates ", 
torso/waist/sash/male/hurt.png,"bluecarrot16,Nila122 ","OGA-BY 3.0,GPL 2.0,GPL 3.0,CC-BY-SA 3.0 ","https://opengameart.org/content/more-lpc-clothes-and-hair,https://opengameart.org/content/lpc-pirates ", 
torso/waist/sash/female/hurt.png,"bluecarrot16,Nila122 ","OGA-BY 3.0,GPL 2.0,GPL 3.0,CC-BY-SA 3.0 ","https://opengameart.org/content/more-lpc-clothes-and-hair,https://opengameart.org/content/lpc-pirates ", 
torso/waist/sash/male/spellcast.png,"bluecarrot16,Nila122 ","OGA-BY 3.0,GPL 2.0,GPL 3.0,CC-BY-SA 3.0 ","https://opengameart.org/content/more-lpc-clothes-and-hair,https://opengameart.org/content/lpc-pirates ", 
torso/waist/sash/male/thrust.png,"bluecarrot16,Nila122 ","OGA-BY 3.0,GPL 2.0,GPL 3.0,CC-BY-SA 3.0 ","https://opengameart.org/content/more-lpc-clothes-and-hair,https://opengameart.org/content/lpc-pirates ", 
torso/waist/sash/male/walk.png,"bluecarrot16,Nila122 ","OGA-BY 3.0,GPL 2.0,GPL 3.0,CC-BY-SA 3.0 ","https://opengameart.org/content/more-lpc-clothes-and-hair,https://opengameart.org/content/lpc-pirates ", 
torso/waist/sash/male/slash.png,"bluecarrot16,Nila122 ","OGA-BY 3.0,GPL 2.0,GPL 3.0,CC-BY-SA 3.0 ","https://opengameart.org/content/more-lpc-clothes-and-hair,https://opengameart.org/content/lpc-pirates ", 
torso/waist/sash/male/shoot.png,"bluecarrot16,Nila122 ","OGA-BY 3.0,GPL 2.0,GPL 3.0,CC-BY-SA 3.0 ","https://opengameart.org/content/more-lpc-clothes-and-hair,https://opengameart.org/content/lpc-pirates ", 
torso/waist/sash/male/hurt.png,"bluecarrot16,Nila122 ","OGA-BY 3.0,GPL 2.0,GPL 3.0,CC-BY-SA 3.0 ","https://opengameart.org/content/more-lpc-clothes-and-hair,https://opengameart.org/content/lpc-pirates ", 
torso/waist/obi/male/spellcast.png,JaidynReiman ,"OGA-BY 3.0+,CC-BY 3.0+,GPL 3.0 ",https://opengameart.org/content/lpc-kimono-relm , 
torso/waist/obi/thin/spellcast.png,JaidynReiman ,"OGA-BY 3.0+,CC-BY 3.0+,GPL 3.0 ",https://opengameart.org/content/lpc-kimono-relm , 
torso/waist/obi/male/thrust.png,JaidynReiman ,"OGA-BY 3.0+,CC-BY 3.0+,GPL 3.0 ",https://opengameart.org/content/lpc-kimono-relm , 
torso/waist/obi/thin/thrust.png,JaidynReiman ,"OGA-BY 3.0+,CC-BY 3.0+,GPL 3.0 ",https://opengameart.org/content/lpc-kimono-relm , 
torso/waist/obi/male/walk.png,JaidynReiman ,"OGA-BY 3.0+,CC-BY 3.0+,GPL 3.0 ",https://opengameart.org/content/lpc-kimono-relm , 
torso/waist/obi/thin/walk.png,JaidynReiman ,"OGA-BY 3.0+,CC-BY 3.0+,GPL 3.0 ",https://opengameart.org/content/lpc-kimono-relm , 
torso/waist/obi/male/slash.png,JaidynReiman ,"OGA-BY 3.0+,CC-BY 3.0+,GPL 3.0 ",https://opengameart.org/content/lpc-kimono-relm , 
torso/waist/obi/thin/slash.png,JaidynReiman ,"OGA-BY 3.0+,CC-BY 3.0+,GPL 3.0 ",https://opengameart.org/content/lpc-kimono-relm , 
torso/waist/obi/male/shoot.png,JaidynReiman ,"OGA-BY 3.0+,CC-BY 3.0+,GPL 3.0 ",https://opengameart.org/content/lpc-kimono-relm , 
torso/waist/obi/thin/shoot.png,JaidynReiman ,"OGA-BY 3.0+,CC-BY 3.0+,GPL 3.0 ",https://opengameart.org/content/lpc-kimono-relm , 
torso/waist/obi/male/hurt.png,JaidynReiman ,"OGA-BY 3.0+,CC-BY 3.0+,GPL 3.0 ",https://opengameart.org/content/lpc-kimono-relm , 
torso/waist/obi/thin/hurt.png,JaidynReiman ,"OGA-BY 3.0+,CC-BY 3.0+,GPL 3.0 ",https://opengameart.org/content/lpc-kimono-relm , 
torso/waist/obi/male/idle.png,JaidynReiman ,"OGA-BY 3.0+,CC-BY 3.0+,GPL 3.0 ",https://opengameart.org/content/lpc-kimono-relm , 
torso/waist/obi/thin/idle.png,JaidynReiman ,"OGA-BY 3.0+,CC-BY 3.0+,GPL 3.0 ",https://opengameart.org/content/lpc-kimono-relm , 
torso/waist/obi/male/jump.png,JaidynReiman ,"OGA-BY 3.0+,CC-BY 3.0+,GPL 3.0 ",https://opengameart.org/content/lpc-kimono-relm , 
torso/waist/obi/thin/jump.png,JaidynReiman ,"OGA-BY 3.0+,CC-BY 3.0+,GPL 3.0 ",https://opengameart.org/content/lpc-kimono-relm , 
torso/waist/obi/male/run.png,JaidynReiman ,"OGA-BY 3.0+,CC-BY 3.0+,GPL 3.0 ",https://opengameart.org/content/lpc-kimono-relm , 
torso/waist/obi/thin/run.png,JaidynReiman ,"OGA-BY 3.0+,CC-BY 3.0+,GPL 3.0 ",https://opengameart.org/content/lpc-kimono-relm , 
torso/waist/obi/male/sit.png,JaidynReiman ,"OGA-BY 3.0+,CC-BY 3.0+,GPL 3.0 ",https://opengameart.org/content/lpc-kimono-relm , 
torso/waist/obi/thin/sit.png,JaidynReiman ,"OGA-BY 3.0+,CC-BY 3.0+,GPL 3.0 ",https://opengameart.org/content/lpc-kimono-relm , 
torso/waist/obi/male/emote.png,JaidynReiman ,"OGA-BY 3.0+,CC-BY 3.0+,GPL 3.0 ",https://opengameart.org/content/lpc-kimono-relm , 
torso/waist/obi/thin/emote.png,JaidynReiman ,"OGA-BY 3.0+,CC-BY 3.0+,GPL 3.0 ",https://opengameart.org/content/lpc-kimono-relm , 
torso/waist/obi/male/climb.png,JaidynReiman ,"OGA-BY 3.0+,CC-BY 3.0+,GPL 3.0 ",https://opengameart.org/content/lpc-kimono-relm , 
torso/waist/obi/thin/climb.png,JaidynReiman ,"OGA-BY 3.0+,CC-BY 3.0+,GPL 3.0 ",https://opengameart.org/content/lpc-kimono-relm , 
torso/waist/obi/male/combat.png,JaidynReiman ,"OGA-BY 3.0+,CC-BY 3.0+,GPL 3.0 ",https://opengameart.org/content/lpc-kimono-relm , 
torso/waist/obi/thin/combat.png,JaidynReiman ,"OGA-BY 3.0+,CC-BY 3.0+,GPL 3.0 ",https://opengameart.org/content/lpc-kimono-relm , 
torso/waist/obi/male/1h_backslash.png,JaidynReiman ,"OGA-BY 3.0+,CC-BY 3.0+,GPL 3.0 ",https://opengameart.org/content/lpc-kimono-relm , 
torso/waist/obi/thin/1h_backslash.png,JaidynReiman ,"OGA-BY 3.0+,CC-BY 3.0+,GPL 3.0 ",https://opengameart.org/content/lpc-kimono-relm , 
torso/waist/obi/male/1h_halfslash.png,JaidynReiman ,"OGA-BY 3.0+,CC-BY 3.0+,GPL 3.0 ",https://opengameart.org/content/lpc-kimono-relm , 
torso/waist/obi/thin/1h_halfslash.png,JaidynReiman ,"OGA-BY 3.0+,CC-BY 3.0+,GPL 3.0 ",https://opengameart.org/content/lpc-kimono-relm , 
cape/solid/fg/climb.png,"bluecarrot16,JaidynReiman ","OGA-BY 3.0,CC-BY-SA 3.0,GPL 3.0 ","https://opengameart.org/content/lpc-curly-hair-elven-ears-white-cape-with-blue-trim-and-more,https://opengameart.org/content/lpc-roman-armor,http://opengameart.org/content/lpc-clothing-updates ", 
cape/solid/bg/climb.png,"Nila122,JaidynReiman ","OGA-BY 3.0,CC-BY-SA 3.0,GPL 3.0 ","https://opengameart.org/content/lpc-curly-hair-elven-ears-white-cape-with-blue-trim-and-more,https://opengameart.org/content/lpc-roman-armor ", 
cape/tattered/fg/spellcast.png,"Nila122,JaidynReiman ","OGA-BY 3.0,CC-BY-SA 3.0,GPL 3.0 ","https://opengameart.org/content/lpc-curly-hair-elven-ears-white-cape-with-blue-trim-and-more,https://opengameart.org/content/lpc-roman-armor ", 
cape/tattered/bg/spellcast.png,"Nila122,JaidynReiman ","OGA-BY 3.0,CC-BY-SA 3.0,GPL 3.0 ","https://opengameart.org/content/lpc-curly-hair-elven-ears-white-cape-with-blue-trim-and-more,https://opengameart.org/content/lpc-roman-armor ", 
cape/tattered/fg/thrust.png,"Nila122,JaidynReiman ","OGA-BY 3.0,CC-BY-SA 3.0,GPL 3.0 ","https://opengameart.org/content/lpc-curly-hair-elven-ears-white-cape-with-blue-trim-and-more,https://opengameart.org/content/lpc-roman-armor ", 
cape/tattered/bg/thrust.png,"Nila122,JaidynReiman ","OGA-BY 3.0,CC-BY-SA 3.0,GPL 3.0 ","https://opengameart.org/content/lpc-curly-hair-elven-ears-white-cape-with-blue-trim-and-more,https://opengameart.org/content/lpc-roman-armor ", 
cape/tattered/fg/walk.png,"Nila122,JaidynReiman ","OGA-BY 3.0,CC-BY-SA 3.0,GPL 3.0 ","https://opengameart.org/content/lpc-curly-hair-elven-ears-white-cape-with-blue-trim-and-more,https://opengameart.org/content/lpc-roman-armor ", 
cape/tattered/bg/walk.png,"Nila122,JaidynReiman ","OGA-BY 3.0,CC-BY-SA 3.0,GPL 3.0 ","https://opengameart.org/content/lpc-curly-hair-elven-ears-white-cape-with-blue-trim-and-more,https://opengameart.org/content/lpc-roman-armor ", 
cape/tattered/fg/slash.png,"Nila122,JaidynReiman ","OGA-BY 3.0,CC-BY-SA 3.0,GPL 3.0 ","https://opengameart.org/content/lpc-curly-hair-elven-ears-white-cape-with-blue-trim-and-more,https://opengameart.org/content/lpc-roman-armor ", 
cape/tattered/bg/slash.png,"Nila122,JaidynReiman ","OGA-BY 3.0,CC-BY-SA 3.0,GPL 3.0 ","https://opengameart.org/content/lpc-curly-hair-elven-ears-white-cape-with-blue-trim-and-more,https://opengameart.org/content/lpc-roman-armor ", 
cape/tattered/fg/shoot.png,"Nila122,JaidynReiman ","OGA-BY 3.0,CC-BY-SA 3.0,GPL 3.0 ","https://opengameart.org/content/lpc-curly-hair-elven-ears-white-cape-with-blue-trim-and-more,https://opengameart.org/content/lpc-roman-armor ", 
cape/tattered/bg/shoot.png,"Nila122,JaidynReiman ","OGA-BY 3.0,CC-BY-SA 3.0,GPL 3.0 ","https://opengameart.org/content/lpc-curly-hair-elven-ears-white-cape-with-blue-trim-and-more,https://opengameart.org/content/lpc-roman-armor ", 
cape/tattered/fg/hurt.png,"Nila122,JaidynReiman ","OGA-BY 3.0,CC-BY-SA 3.0,GPL 3.0 ","https://opengameart.org/content/lpc-curly-hair-elven-ears-white-cape-with-blue-trim-and-more,https://opengameart.org/content/lpc-roman-armor ", 
cape/tattered/bg/hurt.png,"Nila122,JaidynReiman ","OGA-BY 3.0,CC-BY-SA 3.0,GPL 3.0 ","https://opengameart.org/content/lpc-curly-hair-elven-ears-white-cape-with-blue-trim-and-more,https://opengameart.org/content/lpc-roman-armor ", 
cape/tattered/fg/climb.png,"Nila122,JaidynReiman ","OGA-BY 3.0,CC-BY-SA 3.0,GPL 3.0 ","https://opengameart.org/content/lpc-curly-hair-elven-ears-white-cape-with-blue-trim-and-more,https://opengameart.org/content/lpc-roman-armor ", 
cape/tattered/bg/climb.png,"Nila122,JaidynReiman ","OGA-BY 3.0,CC-BY-SA 3.0,GPL 3.0 ","https://opengameart.org/content/lpc-curly-hair-elven-ears-white-cape-with-blue-trim-and-more,https://opengameart.org/content/lpc-roman-armor ", 
cape/tattered/fg/idle.png,"Nila122,JaidynReiman ","OGA-BY 3.0,CC-BY-SA 3.0,GPL 3.0 ","https://opengameart.org/content/lpc-curly-hair-elven-ears-white-cape-with-blue-trim-and-more,https://opengameart.org/content/lpc-roman-armor ", 
cape/tattered/bg/idle.png,"Nila122,JaidynReiman ","OGA-BY 3.0,CC-BY-SA 3.0,GPL 3.0 ","https://opengameart.org/content/lpc-curly-hair-elven-ears-white-cape-with-blue-trim-and-more,https://opengameart.org/content/lpc-roman-armor ", 
cape/trim/spellcast.png,"bluecarrot16,JaidynReiman ","OGA-BY 3.0,CC-BY-SA 3.0,GPL 3.0 ","https://opengameart.org/content/lpc-curly-hair-elven-ears-white-cape-with-blue-trim-and-more,http://opengameart.org/content/lpc-clothing-updates ","isolated stripe from cape_trimmed, adapted to v3 bases by bluecarrot16 "
cape/trim/thrust.png,"bluecarrot16,JaidynReiman ","OGA-BY 3.0,CC-BY-SA 3.0,GPL 3.0 ","https://opengameart.org/content/lpc-curly-hair-elven-ears-white-cape-with-blue-trim-and-more,http://opengameart.org/content/lpc-clothing-updates ","isolated stripe from cape_trimmed, adapted to v3 bases by bluecarrot16 "
cape/trim/walk.png,"bluecarrot16,JaidynReiman ","OGA-BY 3.0,CC-BY-SA 3.0,GPL 3.0 ","https://opengameart.org/content/lpc-curly-hair-elven-ears-white-cape-with-blue-trim-and-more,http://opengameart.org/content/lpc-clothing-updates ","isolated stripe from cape_trimmed, adapted to v3 bases by bluecarrot16 "
cape/trim/slash.png,"bluecarrot16,JaidynReiman ","OGA-BY 3.0,CC-BY-SA 3.0,GPL 3.0 ","https://opengameart.org/content/lpc-curly-hair-elven-ears-white-cape-with-blue-trim-and-more,http://opengameart.org/content/lpc-clothing-updates ","isolated stripe from cape_trimmed, adapted to v3 bases by bluecarrot16 "
cape/trim/shoot.png,"bluecarrot16,JaidynReiman ","OGA-BY 3.0,CC-BY-SA 3.0,GPL 3.0 ","https://opengameart.org/content/lpc-curly-hair-elven-ears-white-cape-with-blue-trim-and-more,http://opengameart.org/content/lpc-clothing-updates ","isolated stripe from cape_trimmed, adapted to v3 bases by bluecarrot16 "
cape/trim/hurt.png,"bluecarrot16,JaidynReiman ","OGA-BY 3.0,CC-BY-SA 3.0,GPL 3.0 ","https://opengameart.org/content/lpc-curly-hair-elven-ears-white-cape-with-blue-trim-and-more,http://opengameart.org/content/lpc-clothing-updates ","isolated stripe from cape_trimmed, adapted to v3 bases by bluecarrot16 "
cape/trim/climb.png,"bluecarrot16,JaidynReiman ","OGA-BY 3.0,CC-BY-SA 3.0,GPL 3.0 ","https://opengameart.org/content/lpc-curly-hair-elven-ears-white-cape-with-blue-trim-and-more,http://opengameart.org/content/lpc-clothing-updates ","isolated stripe from cape_trimmed, adapted to v3 bases by bluecarrot16 "
cape/trim/idle.png,"bluecarrot16,JaidynReiman ","OGA-BY 3.0,CC-BY-SA 3.0,GPL 3.0 ","https://opengameart.org/content/lpc-curly-hair-elven-ears-white-cape-with-blue-trim-and-more,http://opengameart.org/content/lpc-clothing-updates ","isolated stripe from cape_trimmed, adapted to v3 bases by bluecarrot16 "
backpack/jetpack_fins/male/spellcast.png,"Benjamin K. Smith (BenCreating),macmanmatty ","CC-BY-SA 3.0,GPL 3.0 ",https://opengameart.org/content/lpc-backpacks ,trivial adjustments by bluecarrot16 to be compatible with v3 bases 
backpack/jetpack_fins/female/spellcast.png,"Benjamin K. Smith (BenCreating),macmanmatty ","CC-BY-SA 3.0,GPL 3.0 ",https://opengameart.org/content/lpc-backpacks ,trivial adjustments by bluecarrot16 to be compatible with v3 bases 
backpack/jetpack_fins/male/thrust.png,"Benjamin K. Smith (BenCreating),macmanmatty ","CC-BY-SA 3.0,GPL 3.0 ",https://opengameart.org/content/lpc-backpacks ,trivial adjustments by bluecarrot16 to be compatible with v3 bases 
backpack/jetpack_fins/female/thrust.png,"Benjamin K. Smith (BenCreating),macmanmatty ","CC-BY-SA 3.0,GPL 3.0 ",https://opengameart.org/content/lpc-backpacks ,trivial adjustments by bluecarrot16 to be compatible with v3 bases 
backpack/jetpack_fins/male/walk.png,"Benjamin K. Smith (BenCreating),macmanmatty ","CC-BY-SA 3.0,GPL 3.0 ",https://opengameart.org/content/lpc-backpacks ,trivial adjustments by bluecarrot16 to be compatible with v3 bases 
backpack/jetpack_fins/female/walk.png,"Benjamin K. Smith (BenCreating),macmanmatty ","CC-BY-SA 3.0,GPL 3.0 ",https://opengameart.org/content/lpc-backpacks ,trivial adjustments by bluecarrot16 to be compatible with v3 bases 
backpack/jetpack_fins/male/slash.png,"Benjamin K. Smith (BenCreating),macmanmatty ","CC-BY-SA 3.0,GPL 3.0 ",https://opengameart.org/content/lpc-backpacks ,trivial adjustments by bluecarrot16 to be compatible with v3 bases 
backpack/jetpack_fins/female/slash.png,"Benjamin K. Smith (BenCreating),macmanmatty ","CC-BY-SA 3.0,GPL 3.0 ",https://opengameart.org/content/lpc-backpacks ,trivial adjustments by bluecarrot16 to be compatible with v3 bases 
backpack/jetpack_fins/male/shoot.png,"Benjamin K. Smith (BenCreating),macmanmatty ","CC-BY-SA 3.0,GPL 3.0 ",https://opengameart.org/content/lpc-backpacks ,trivial adjustments by bluecarrot16 to be compatible with v3 bases 
backpack/jetpack_fins/female/shoot.png,"Benjamin K. Smith (BenCreating),macmanmatty ","CC-BY-SA 3.0,GPL 3.0 ",https://opengameart.org/content/lpc-backpacks ,trivial adjustments by bluecarrot16 to be compatible with v3 bases 
backpack/jetpack_fins/male/hurt.png,"Benjamin K. Smith (BenCreating),macmanmatty ","CC-BY-SA 3.0,GPL 3.0 ",https://opengameart.org/content/lpc-backpacks ,trivial adjustments by bluecarrot16 to be compatible with v3 bases 
backpack/jetpack_fins/female/hurt.png,"Benjamin K. Smith (BenCreating),macmanmatty ","CC-BY-SA 3.0,GPL 3.0 ",https://opengameart.org/content/lpc-backpacks ,trivial adjustments by bluecarrot16 to be compatible with v3 bases 
backpack/jetpack/male/spellcast.png,"Benjamin K. Smith (BenCreating),macmanmatty ","CC-BY-SA 3.0,GPL 3.0 ",https://opengameart.org/content/lpc-backpacks ,trivial adjustments by bluecarrot16 to be compatible with v3 bases 
backpack/jetpack/female/spellcast.png,"Benjamin K. Smith (BenCreating),macmanmatty ","CC-BY-SA 3.0,GPL 3.0 ",https://opengameart.org/content/lpc-backpacks ,trivial adjustments by bluecarrot16 to be compatible with v3 bases 
backpack/jetpack/male/thrust.png,"Benjamin K. Smith (BenCreating),macmanmatty ","CC-BY-SA 3.0,GPL 3.0 ",https://opengameart.org/content/lpc-backpacks ,trivial adjustments by bluecarrot16 to be compatible with v3 bases 
backpack/jetpack/female/thrust.png,"Benjamin K. Smith (BenCreating),macmanmatty ","CC-BY-SA 3.0,GPL 3.0 ",https://opengameart.org/content/lpc-backpacks ,trivial adjustments by bluecarrot16 to be compatible with v3 bases 
backpack/jetpack/male/walk.png,"Benjamin K. Smith (BenCreating),macmanmatty ","CC-BY-SA 3.0,GPL 3.0 ",https://opengameart.org/content/lpc-backpacks ,trivial adjustments by bluecarrot16 to be compatible with v3 bases 
backpack/jetpack/female/walk.png,"Benjamin K. Smith (BenCreating),macmanmatty ","CC-BY-SA 3.0,GPL 3.0 ",https://opengameart.org/content/lpc-backpacks ,trivial adjustments by bluecarrot16 to be compatible with v3 bases 
backpack/jetpack/male/slash.png,"Benjamin K. Smith (BenCreating),macmanmatty ","CC-BY-SA 3.0,GPL 3.0 ",https://opengameart.org/content/lpc-backpacks ,trivial adjustments by bluecarrot16 to be compatible with v3 bases 
backpack/jetpack/female/slash.png,"Benjamin K. Smith (BenCreating),macmanmatty ","CC-BY-SA 3.0,GPL 3.0 ",https://opengameart.org/content/lpc-backpacks ,trivial adjustments by bluecarrot16 to be compatible with v3 bases 
backpack/jetpack/male/shoot.png,"Benjamin K. Smith (BenCreating),macmanmatty ","CC-BY-SA 3.0,GPL 3.0 ",https://opengameart.org/content/lpc-backpacks ,trivial adjustments by bluecarrot16 to be compatible with v3 bases 
backpack/jetpack/female/shoot.png,"Benjamin K. Smith (BenCreating),macmanmatty ","CC-BY-SA 3.0,GPL 3.0 ",https://opengameart.org/content/lpc-backpacks ,trivial adjustments by bluecarrot16 to be compatible with v3 bases 
backpack/jetpack/male/hurt.png,"Benjamin K. Smith (BenCreating),macmanmatty ","CC-BY-SA 3.0,GPL 3.0 ",https://opengameart.org/content/lpc-backpacks ,trivial adjustments by bluecarrot16 to be compatible with v3 bases 
backpack/jetpack/female/hurt.png,"Benjamin K. Smith (BenCreating),macmanmatty ","CC-BY-SA 3.0,GPL 3.0 ",https://opengameart.org/content/lpc-backpacks ,trivial adjustments by bluecarrot16 to be compatible with v3 bases 
backpack/squarepack/male/spellcast.png,"Benjamin K. Smith (BenCreating),macmanmatty ","CC-BY-SA 3.0,GPL 3.0 ",https://opengameart.org/content/lpc-backpacks ,trivial adjustments by bluecarrot16 to be compatible with v3 bases 
backpack/squarepack/female/spellcast.png,"Benjamin K. Smith (BenCreating),macmanmatty ","CC-BY-SA 3.0,GPL 3.0 ",https://opengameart.org/content/lpc-backpacks ,trivial adjustments by bluecarrot16 to be compatible with v3 bases 
backpack/squarepack/male/thrust.png,"Benjamin K. Smith (BenCreating),macmanmatty ","CC-BY-SA 3.0,GPL 3.0 ",https://opengameart.org/content/lpc-backpacks ,trivial adjustments by bluecarrot16 to be compatible with v3 bases 
backpack/squarepack/female/thrust.png,"Benjamin K. Smith (BenCreating),macmanmatty ","CC-BY-SA 3.0,GPL 3.0 ",https://opengameart.org/content/lpc-backpacks ,trivial adjustments by bluecarrot16 to be compatible with v3 bases 
backpack/squarepack/male/walk.png,"Benjamin K. Smith (BenCreating),macmanmatty ","CC-BY-SA 3.0,GPL 3.0 ",https://opengameart.org/content/lpc-backpacks ,trivial adjustments by bluecarrot16 to be compatible with v3 bases 
backpack/squarepack/female/walk.png,"Benjamin K. Smith (BenCreating),macmanmatty ","CC-BY-SA 3.0,GPL 3.0 ",https://opengameart.org/content/lpc-backpacks ,trivial adjustments by bluecarrot16 to be compatible with v3 bases 
backpack/squarepack/male/slash.png,"Benjamin K. Smith (BenCreating),macmanmatty ","CC-BY-SA 3.0,GPL 3.0 ",https://opengameart.org/content/lpc-backpacks ,trivial adjustments by bluecarrot16 to be compatible with v3 bases 
backpack/squarepack/female/slash.png,"Benjamin K. Smith (BenCreating),macmanmatty ","CC-BY-SA 3.0,GPL 3.0 ",https://opengameart.org/content/lpc-backpacks ,trivial adjustments by bluecarrot16 to be compatible with v3 bases 
backpack/squarepack/male/shoot.png,"Benjamin K. Smith (BenCreating),macmanmatty ","CC-BY-SA 3.0,GPL 3.0 ",https://opengameart.org/content/lpc-backpacks ,trivial adjustments by bluecarrot16 to be compatible with v3 bases 
backpack/squarepack/female/shoot.png,"Benjamin K. Smith (BenCreating),macmanmatty ","CC-BY-SA 3.0,GPL 3.0 ",https://opengameart.org/content/lpc-backpacks ,trivial adjustments by bluecarrot16 to be compatible with v3 bases 
backpack/squarepack/male/hurt.png,"Benjamin K. Smith (BenCreating),macmanmatty ","CC-BY-SA 3.0,GPL 3.0 ",https://opengameart.org/content/lpc-backpacks ,trivial adjustments by bluecarrot16 to be compatible with v3 bases 
backpack/squarepack/female/hurt.png,"Benjamin K. Smith (BenCreating),macmanmatty ","CC-BY-SA 3.0,GPL 3.0 ",https://opengameart.org/content/lpc-backpacks ,trivial adjustments by bluecarrot16 to be compatible with v3 bases 
backpack/backpack/male/spellcast.png,"Benjamin K. Smith (BenCreating),macmanmatty ","CC-BY-SA 3.0,GPL 3.0 ",https://opengameart.org/content/lpc-backpacks ,trivial adjustments by bluecarrot16 to be compatible with v3 bases 
backpack/backpack/female/spellcast.png,"Benjamin K. Smith (BenCreating),macmanmatty ","CC-BY-SA 3.0,GPL 3.0 ",https://opengameart.org/content/lpc-backpacks ,trivial adjustments by bluecarrot16 to be compatible with v3 bases 
backpack/backpack/male/thrust.png,"Benjamin K. Smith (BenCreating),macmanmatty ","CC-BY-SA 3.0,GPL 3.0 ",https://opengameart.org/content/lpc-backpacks ,trivial adjustments by bluecarrot16 to be compatible with v3 bases 
backpack/backpack/female/thrust.png,"Benjamin K. Smith (BenCreating),macmanmatty ","CC-BY-SA 3.0,GPL 3.0 ",https://opengameart.org/content/lpc-backpacks ,trivial adjustments by bluecarrot16 to be compatible with v3 bases 
backpack/backpack/male/walk.png,"Benjamin K. Smith (BenCreating),macmanmatty ","CC-BY-SA 3.0,GPL 3.0 ",https://opengameart.org/content/lpc-backpacks ,trivial adjustments by bluecarrot16 to be compatible with v3 bases 
backpack/backpack/female/walk.png,"Benjamin K. Smith (BenCreating),macmanmatty ","CC-BY-SA 3.0,GPL 3.0 ",https://opengameart.org/content/lpc-backpacks ,trivial adjustments by bluecarrot16 to be compatible with v3 bases 
backpack/backpack/male/slash.png,"Benjamin K. Smith (BenCreating),macmanmatty ","CC-BY-SA 3.0,GPL 3.0 ",https://opengameart.org/content/lpc-backpacks ,trivial adjustments by bluecarrot16 to be compatible with v3 bases 
backpack/backpack/female/slash.png,"Benjamin K. Smith (BenCreating),macmanmatty ","CC-BY-SA 3.0,GPL 3.0 ",https://opengameart.org/content/lpc-backpacks ,trivial adjustments by bluecarrot16 to be compatible with v3 bases 
backpack/backpack/male/shoot.png,"Benjamin K. Smith (BenCreating),macmanmatty ","CC-BY-SA 3.0,GPL 3.0 ",https://opengameart.org/content/lpc-backpacks ,trivial adjustments by bluecarrot16 to be compatible with v3 bases 
backpack/backpack/female/shoot.png,"Benjamin K. Smith (BenCreating),macmanmatty ","CC-BY-SA 3.0,GPL 3.0 ",https://opengameart.org/content/lpc-backpacks ,trivial adjustments by bluecarrot16 to be compatible with v3 bases 
backpack/backpack/male/hurt.png,"Benjamin K. Smith (BenCreating),macmanmatty ","CC-BY-SA 3.0,GPL 3.0 ",https://opengameart.org/content/lpc-backpacks ,trivial adjustments by bluecarrot16 to be compatible with v3 bases 
backpack/backpack/female/hurt.png,"Benjamin K. Smith (BenCreating),macmanmatty ","CC-BY-SA 3.0,GPL 3.0 ",https://opengameart.org/content/lpc-backpacks ,trivial adjustments by bluecarrot16 to be compatible with v3 bases 
quiver/spellcast.png,Johannes Sjölund (wulax) ,"OGA-BY 3.0,CC-BY-SA 3.0,GPL 3.0 ",https://opengameart.org/content/lpc-medieval-fantasy-character-sprites , 
quiver/thrust.png,Johannes Sjölund (wulax) ,"OGA-BY 3.0,CC-BY-SA 3.0,GPL 3.0 ",https://opengameart.org/content/lpc-medieval-fantasy-character-sprites , 
quiver/walk.png,Johannes Sjölund (wulax) ,"OGA-BY 3.0,CC-BY-SA 3.0,GPL 3.0 ",https://opengameart.org/content/lpc-medieval-fantasy-character-sprites , 
quiver/slash.png,Johannes Sjölund (wulax) ,"OGA-BY 3.0,CC-BY-SA 3.0,GPL 3.0 ",https://opengameart.org/content/lpc-medieval-fantasy-character-sprites , 
quiver/shoot.png,Johannes Sjölund (wulax) ,"OGA-BY 3.0,CC-BY-SA 3.0,GPL 3.0 ",https://opengameart.org/content/lpc-medieval-fantasy-character-sprites , 
quiver/hurt.png,Johannes Sjölund (wulax) ,"OGA-BY 3.0,CC-BY-SA 3.0,GPL 3.0 ",https://opengameart.org/content/lpc-medieval-fantasy-character-sprites , 
